Block,In-Game Time,DifficultyLevel,,CurrentX,CurrentY,CurrentZ,obstacleX,obstacleY,obstacleZ,,Points,PassingCar?,,Carcrash?,CrashCarX,CrashCarY,CrashCarZ,totalCarCrash,,CarSpawned?,SpawnCarX,SpawnCarY,SpawnCarZ,,LeftButtonDown,RightButtonDown
0,0,0,,0,0,0,0,0,0,,0,0,,0,0,0,0,0,,1,52,3.5,-35,,0,0
0,0,0,,0,0,0,0,0,0,,0,0,,0,0,0,0,0,,1,0,3.5,-35,,0,0
0,0,0,,0,0,0,52,3.5,-35,,0,0,,0,0,0,0,0,,0,0,0,0,,0,0
0,0,0,,0,0,0,0,3.5,-35,,0,0,,0,0,0,0,0,,0,0,0,0,,0,0
0,0,0,,0,0,0,0,0,0,,0,0,,0,0,0,0,0,,0,0,0,0,,0,0
0,0,0,,0,0,0,0,0,0,,0,0,,0,0,0,0,0,,0,0,0,0,,0,0
0,0,0,,0,0,0,0,0,0,,0,0,,0,0,0,0,0,,0,0,0,0,,0,0
0,0,0,,0,0,0,0,0,0,,0,0,,0,0,0,0,0,,0,0,0,0,,0,0
0,0,0,,0,0,0,0,0,0,,0,0,,0,0,0,0,0,,0,0,0,0,,0,0
0,0,0,,0,0,0,0,0,0,,0,0,,0,0,0,0,0,,0,0,0,0,,0,0
0,0,0,,0,0,0,0,0,0,,0,0,,0,0,0,0,0,,0,0,0,0,,0,0
0,0,0,,0,0,0,0,0,0,,0,0,,0,0,0,0,0,,0,0,0,0,,0,0
0,0,0,,0,0,0,0,0,0,,0,0,,0,0,0,0,0,,0,0,0,0,,0,0
0,0,0,,0,0,0,0,0,0,,0,0,,0,0,0,0,0,,0,0,0,0,,0,0
0,0,0,,0,0,0,0,0,0,,0,0,,0,0,0,0,0,,0,0,0,0,,0,0
0,0,0,,0,0,0,0,0,0,,0,0,,0,0,0,0,0,,0,0,0,0,,0,0
0,0,0,,0,0,0,0,0,0,,0,0,,0,0,0,0,0,,0,0,0,0,,0,0
0,0,0,,0,0,0,0,0,0,,0,0,,0,0,0,0,0,,0,0,0,0,,0,0
0,0,0,,0,0,0,0,0,0,,0,0,,0,0,0,0,0,,0,0,0,0,,0,0
0,0,0,,0,0,0,0,0,0,,0,0,,0,0,0,0,0,,0,0,0,0,,0,0
0,0,0,,0,0,0,0,0,0,,0,0,,0,0,0,0,0,,0,0,0,0,,0,0
0,0,0,,0,0,0,0,0,0,,0,0,,0,0,0,0,0,,0,0,0,0,,0,0
0,0,0,,0,0,0,0,0,0,,0,0,,0,0,0,0,0,,0,0,0,0,,0,0
0,0,0,,0,0,0,0,0,0,,0,0,,0,0,0,0,0,,0,0,0,0,,0,0
0,0,0,,0,0,0,0,0,0,,0,0,,0,0,0,0,0,,0,0,0,0,,0,0
0,0,0,,0,0,0,0,0,0,,0,0,,0,0,0,0,0,,0,0,0,0,,0,0
0,0,0,,0,0,0,0,0,0,,0,0,,0,0,0,0,0,,0,0,0,0,,0,0
0,0,0,,0,0,0,0,0,0,,0,0,,0,0,0,0,0,,0,0,0,0,,0,0
0,0,0,,0,0,0,0,0,0,,0,0,,0,0,0,0,0,,0,0,0,0,,0,0
0,0,0,,0,0,0,0,0,0,,0,0,,0,0,0,0,0,,0,0,0,0,,0,0
0,0,0,,0,0,0,0,0,0,,0,0,,0,0,0,0,0,,0,0,0,0,,0,0
0,0,0,,0,0,0,0,0,0,,0,0,,0,0,0,0,0,,0,0,0,0,,0,0
0,0,0,,0,0,0,0,0,0,,0,0,,0,0,0,0,0,,0,0,0,0,,0,0
0,0,0,,0,0,0,0,0,0,,0,0,,0,0,0,0,0,,0,0,0,0,,0,0
0,0,0,,0,0,0,0,0,0,,0,0,,0,0,0,0,0,,0,0,0,0,,0,0
0,0,0,,0,0,0,0,0,0,,0,0,,0,0,0,0,0,,0,0,0,0,,0,0
0,0,0,,0,0,0,0,0,0,,0,0,,0,0,0,0,0,,0,0,0,0,,0,0
0,0,0,,0,0,0,0,0,0,,0,0,,0,0,0,0,0,,0,0,0,0,,0,0
0,0,0,,0,0,0,0,0,0,,0,0,,0,0,0,0,0,,0,0,0,0,,0,0
0,0,0,,0,0,0,0,0,0,,0,0,,0,0,0,0,0,,0,0,0,0,,0,0
0,0,0,,0,0,0,0,0,0,,0,0,,0,0,0,0,0,,0,0,0,0,,0,0
0,0,0,,0,0,0,0,0,0,,0,0,,0,0,0,0,0,,0,0,0,0,,0,0
0,0,0,,0,0,0,0,0,0,,0,0,,0,0,0,0,0,,0,0,0,0,,0,0
0,0,0,,0,0,0,0,0,0,,0,0,,0,0,0,0,0,,0,0,0,0,,0,0
0,0,0,,0,0,0,0,0,0,,0,0,,0,0,0,0,0,,0,0,0,0,,0,0
0,0,0,,0,0,0,0,0,0,,0,0,,0,0,0,0,0,,0,0,0,0,,0,0
0,0,0,,0,0,0,0,0,0,,0,0,,0,0,0,0,0,,0,0,0,0,,0,0
0,0,0,,0,0,0,0,0,0,,0,0,,0,0,0,0,0,,0,0,0,0,,0,0
0,0,0,,0,0,0,0,0,0,,0,0,,0,0,0,0,0,,0,0,0,0,,0,0
0,0,0,,0,0,0,0,0,0,,0,0,,0,0,0,0,0,,0,0,0,0,,0,0
0,0,0,,0,0,0,0,0,0,,0,0,,0,0,0,0,0,,0,0,0,0,,0,0
0,0,0,,0,0,0,0,0,0,,0,0,,0,0,0,0,0,,0,0,0,0,,0,0
0,0,0,,0,0,0,0,0,0,,0,0,,0,0,0,0,0,,0,0,0,0,,0,0
0,0,0,,0,0,0,0,0,0,,0,0,,0,0,0,0,0,,0,0,0,0,,0,0
0,0,0,,0,0,0,0,0,0,,0,0,,0,0,0,0,0,,0,0,0,0,,0,0
0,0,0,,0,0,0,0,0,0,,0,0,,0,0,0,0,0,,0,0,0,0,,0,0
0,0,0,,0,0,0,0,0,0,,0,0,,0,0,0,0,0,,0,0,0,0,,0,0
0,0,0,,0,0,0,0,0,0,,0,0,,0,0,0,0,0,,0,0,0,0,,0,0
0,0,0,,0,0,0,0,0,0,,0,0,,0,0,0,0,0,,0,0,0,0,,0,0
0,0,0,,0,0,0,0,0,0,,0,0,,0,0,0,0,0,,0,0,0,0,,0,0
0,0,0,,0,0,0,0,0,0,,0,0,,0,0,0,0,0,,0,0,0,0,,0,0
0,0,0,,0,0,0,0,0,0,,0,0,,0,0,0,0,0,,0,0,0,0,,0,0
0,0,0,,0,0,0,0,0,0,,0,0,,0,0,0,0,0,,0,0,0,0,,0,0
0,0,0,,0,0,0,0,0,0,,0,0,,0,0,0,0,0,,0,0,0,0,,0,0
0,0,0,,0,0,0,0,0,0,,0,0,,0,0,0,0,0,,0,0,0,0,,0,0
0,0,0,,0,0,0,0,0,0,,0,0,,0,0,0,0,0,,0,0,0,0,,0,0
0,0,0,,0,0,0,0,0,0,,0,0,,0,0,0,0,0,,0,0,0,0,,0,0
0,0,0,,0,0,0,0,0,0,,0,0,,0,0,0,0,0,,0,0,0,0,,0,0
0,0,0,,0,0,0,0,0,0,,0,0,,0,0,0,0,0,,0,0,0,0,,0,0
0,0,0,,0,0,0,0,0,0,,0,0,,0,0,0,0,0,,0,0,0,0,,0,0
0,0,0,,0,0,0,0,0,0,,0,0,,0,0,0,0,0,,0,0,0,0,,0,0
0,0,0,,0,0,0,0,0,0,,0,0,,0,0,0,0,0,,0,0,0,0,,0,0
0,0,0,,0,0,0,0,0,0,,0,0,,0,0,0,0,0,,0,0,0,0,,0,0
0,0,0,,0,0,0,0,0,0,,0,0,,0,0,0,0,0,,0,0,0,0,,0,0
0,0,0,,0,0,0,0,0,0,,0,0,,0,0,0,0,0,,0,0,0,0,,0,0
0,0,0,,0,0,0,0,0,0,,0,0,,0,0,0,0,0,,0,0,0,0,,0,0
0,0,0,,0,0,0,0,0,0,,0,0,,0,0,0,0,0,,0,0,0,0,,0,0
0,0,0,,0,0,0,0,0,0,,0,0,,0,0,0,0,0,,0,0,0,0,,0,0
0,0,0,,0,0,0,0,0,0,,0,0,,0,0,0,0,0,,0,0,0,0,,0,0
0,0,0,,0,0,0,0,0,0,,0,0,,0,0,0,0,0,,0,0,0,0,,0,0
0,0,0,,0,0,0,0,0,0,,0,0,,0,0,0,0,0,,0,0,0,0,,0,0
0,0,0,,0,0,0,0,0,0,,0,0,,0,0,0,0,0,,0,0,0,0,,0,0
0,0,0,,0,0,0,0,0,0,,0,0,,0,0,0,0,0,,0,0,0,0,,0,0
0,0,0,,0,0,0,0,0,0,,0,0,,0,0,0,0,0,,0,0,0,0,,0,0
0,0,0,,0,0,0,0,0,0,,0,0,,0,0,0,0,0,,0,0,0,0,,0,0
0,0,0,,0,0,0,0,0,0,,0,0,,0,0,0,0,0,,0,0,0,0,,0,0
0,0,0,,0,0,0,0,0,0,,0,0,,0,0,0,0,0,,0,0,0,0,,0,0
0,0,0,,0,0,0,0,0,0,,0,0,,0,0,0,0,0,,0,0,0,0,,0,0
0,0,0,,0,0,0,0,0,0,,0,0,,0,0,0,0,0,,0,0,0,0,,0,0
0,0,0,,0,0,0,0,0,0,,0,0,,0,0,0,0,0,,0,0,0,0,,0,0
0,0,0,,0,0,0,0,0,0,,0,0,,0,0,0,0,0,,0,0,0,0,,0,0
0,0,0,,0,0,0,0,0,0,,0,0,,0,0,0,0,0,,0,0,0,0,,0,0
0,0,0,,0,0,0,0,0,0,,0,0,,0,0,0,0,0,,0,0,0,0,,0,0
0,0,0,,0,0,0,0,0,0,,0,0,,0,0,0,0,0,,0,0,0,0,,0,0
0,0,0,,0,0,0,0,0,0,,0,0,,0,0,0,0,0,,0,0,0,0,,0,0
0,0,0,,0,0,0,0,0,0,,0,0,,0,0,0,0,0,,0,0,0,0,,0,0
0,0,0,,0,0,0,0,0,0,,0,0,,0,0,0,0,0,,0,0,0,0,,0,0
0,0,0,,0,0,0,0,0,0,,0,0,,0,0,0,0,0,,0,0,0,0,,0,0
0,0,0,,0,0,0,0,0,0,,0,0,,0,0,0,0,0,,0,0,0,0,,0,0
0,0,0,,0,0,0,0,0,0,,0,0,,0,0,0,0,0,,0,0,0,0,,0,0
0,0,0,,0,0,0,0,0,0,,0,0,,0,0,0,0,0,,0,0,0,0,,0,0
0,0,0,,0,0,0,0,0,0,,0,0,,0,0,0,0,0,,0,0,0,0,,0,0
0,0,0,,0,0,0,0,0,0,,0,0,,0,0,0,0,0,,0,0,0,0,,0,0
0,0,0,,0,0,0,0,0,0,,0,0,,0,0,0,0,0,,0,0,0,0,,0,0
0,0,0,,0,0,0,0,0,0,,0,0,,0,0,0,0,0,,0,0,0,0,,0,0
0,0,0,,0,0,0,0,0,0,,0,0,,0,0,0,0,0,,0,0,0,0,,0,0
0,0,0,,0,0,0,0,0,0,,0,0,,0,0,0,0,0,,0,0,0,0,,0,0
0,0,0,,0,0,0,0,0,0,,0,0,,0,0,0,0,0,,0,0,0,0,,0,0
0,0,0,,0,0,0,0,0,0,,0,0,,0,0,0,0,0,,0,0,0,0,,0,0
0,0,0,,0,0,0,0,0,0,,0,0,,0,0,0,0,0,,0,0,0,0,,0,0
0,0,0,,0,0,0,0,0,0,,0,0,,0,0,0,0,0,,0,0,0,0,,0,0
0,0,0,,0,0,0,0,0,0,,0,0,,0,0,0,0,0,,0,0,0,0,,0,0
0,0,0,,0,0,0,0,0,0,,0,0,,0,0,0,0,0,,0,0,0,0,,0,0
0,0,0,,0,0,0,0,0,0,,0,0,,0,0,0,0,0,,0,0,0,0,,0,0
0,0,0,,0,0,0,0,0,0,,0,0,,0,0,0,0,0,,0,0,0,0,,0,0
0,0,0,,0,0,0,0,0,0,,0,0,,0,0,0,0,0,,0,0,0,0,,0,0
0,0,0,,0,0,0,0,0,0,,0,0,,0,0,0,0,0,,0,0,0,0,,0,0
0,0,0,,0,0,0,0,0,0,,0,0,,0,0,0,0,0,,0,0,0,0,,0,0
0,0,0,,0,0,0,0,0,0,,0,0,,0,0,0,0,0,,0,0,0,0,,0,0
0,0,0,,0,0,0,0,0,0,,0,0,,0,0,0,0,0,,0,0,0,0,,0,0
0,0,0,,0,0,0,0,0,0,,0,0,,0,0,0,0,0,,0,0,0,0,,0,0
0,0,0,,0,0,0,0,0,0,,0,0,,0,0,0,0,0,,0,0,0,0,,0,0
0,0,0,,0,0,0,0,0,0,,0,0,,0,0,0,0,0,,0,0,0,0,,0,0
0,0,0,,0,0,0,0,0,0,,0,0,,0,0,0,0,0,,0,0,0,0,,0,0
0,0,0,,0,0,0,0,0,0,,0,0,,0,0,0,0,0,,0,0,0,0,,0,0
0,0,0,,0,0,0,0,0,0,,0,0,,0,0,0,0,0,,0,0,0,0,,0,0
0,0,0,,0,0,0,0,0,0,,0,0,,0,0,0,0,0,,0,0,0,0,,0,0
0,0,0,,0,0,0,0,0,0,,0,0,,0,0,0,0,0,,0,0,0,0,,0,0
0,0,0,,0,0,0,0,0,0,,0,0,,0,0,0,0,0,,0,0,0,0,,0,0
0,0,0,,0,0,0,0,0,0,,0,0,,0,0,0,0,0,,0,0,0,0,,0,0
0,0,0,,0,0,0,0,0,0,,0,0,,0,0,0,0,0,,0,0,0,0,,0,0
0,0,0,,0,0,0,0,0,0,,0,0,,0,0,0,0,0,,0,0,0,0,,0,0
0,0,0,,0,0,0,0,0,0,,0,0,,0,0,0,0,0,,0,0,0,0,,0,0
0,0,0,,0,0,0,0,0,0,,0,0,,0,0,0,0,0,,0,0,0,0,,0,0
0,0,0,,0,0,0,0,0,0,,0,0,,0,0,0,0,0,,0,0,0,0,,0,0
0,0,0,,0,0,0,0,0,0,,0,0,,0,0,0,0,0,,0,0,0,0,,0,0
0,0,0,,0,0,0,0,0,0,,0,0,,0,0,0,0,0,,0,0,0,0,,0,0
0,0,0,,0,0,0,0,0,0,,0,0,,0,0,0,0,0,,0,0,0,0,,0,0
0,0,0,,0,0,0,0,0,0,,0,0,,0,0,0,0,0,,0,0,0,0,,0,0
0,0,0,,0,0,0,0,0,0,,0,0,,0,0,0,0,0,,0,0,0,0,,0,0
0,0,0,,0,0,0,0,0,0,,0,0,,0,0,0,0,0,,0,0,0,0,,0,0
0,0,0,,0,0,0,0,0,0,,0,0,,0,0,0,0,0,,0,0,0,0,,0,0
0,0,0,,0,0,0,0,0,0,,0,0,,0,0,0,0,0,,0,0,0,0,,0,0
0,0,0,,0,0,0,0,0,0,,0,0,,0,0,0,0,0,,0,0,0,0,,0,0
0,0,0,,0,0,0,0,0,0,,0,0,,0,0,0,0,0,,0,0,0,0,,0,0
0,0,0,,0,0,0,0,0,0,,0,0,,0,0,0,0,0,,0,0,0,0,,0,0
0,0,0,,0,0,0,0,0,0,,0,0,,0,0,0,0,0,,0,0,0,0,,0,0
0,0,0,,0,0,0,0,0,0,,0,0,,0,0,0,0,0,,0,0,0,0,,0,0
0,0,0,,0,0,0,0,0,0,,0,0,,0,0,0,0,0,,0,0,0,0,,0,0
0,0,0,,0,0,0,0,0,0,,0,0,,0,0,0,0,0,,0,0,0,0,,0,0
0,0,0,,0,0,0,0,0,0,,0,0,,0,0,0,0,0,,0,0,0,0,,0,0
0,0,0,,0,0,0,0,0,0,,0,0,,0,0,0,0,0,,0,0,0,0,,0,0
0,0,0,,0,0,0,0,0,0,,0,0,,0,0,0,0,0,,0,0,0,0,,0,0
0,0,0,,0,0,0,0,0,0,,0,0,,0,0,0,0,0,,0,0,0,0,,0,0
0,0,0,,0,0,0,0,0,0,,0,0,,0,0,0,0,0,,0,0,0,0,,0,0
0,0,0,,0,0,0,0,0,0,,0,0,,0,0,0,0,0,,0,0,0,0,,0,0
0,0,0,,0,0,0,0,0,0,,0,0,,0,0,0,0,0,,0,0,0,0,,0,0
0,0,0,,0,0,0,0,0,0,,0,0,,0,0,0,0,0,,0,0,0,0,,0,0
0,0,0,,0,0,0,0,0,0,,0,0,,0,0,0,0,0,,0,0,0,0,,0,0
0,0,0,,0,0,0,0,0,0,,0,0,,0,0,0,0,0,,0,0,0,0,,0,0
0,0,0,,0,0,0,0,0,0,,0,0,,0,0,0,0,0,,0,0,0,0,,0,0
0,0,0,,0,0,0,0,0,0,,0,0,,0,0,0,0,0,,0,0,0,0,,0,0
0,0,0,,0,0,0,0,0,0,,0,0,,0,0,0,0,0,,0,0,0,0,,0,0
0,0,0,,0,0,0,0,0,0,,0,0,,0,0,0,0,0,,0,0,0,0,,0,0
0,0,0,,0,0,0,0,0,0,,0,0,,0,0,0,0,0,,0,0,0,0,,0,0
0,0,0,,0,0,0,0,0,0,,0,0,,0,0,0,0,0,,0,0,0,0,,0,0
1,0.009711426,1,,0,3.5,0.04666668,0,0,0,,0,0,,0,0,0,0,0,,0,0,0,0,,0,0
1,0.03984343,1,,0,3.5,0.14,0,0,0,,0,0,,0,0,0,0,0,,0,0,0,0,,0,0
1,0.06199323,1,,0,3.5,0.28,0,0,0,,0,0,,0,0,0,0,0,,0,0,0,0,,0,0
1,0.08703113,1,,0,3.5,0.7,0,0,0,,0,0,,0,0,0,0,0,,0,0,0,0,,0,0
1,0.1146138,1,,0,3.5,0.98,0,0,0,,0,0,,0,0,0,0,0,,0,0,0,0,,0,0
1,0.1415224,1,,0,3.5,1.306667,0,0,0,,0,0,,0,0,0,0,0,,0,0,0,0,,0,0
1,0.166116,1,,0,3.5,2.1,0,0,0,,0,0,,0,0,0,0,0,,0,0,0,0,,0,0
1,0.1899718,1,,0,3.5,2.566667,0,0,0,,0,0,,0,0,0,0,0,,0,0,0,0,,0,0
1,0.2112776,1,,0,3.5,3.08,0,0,0,,0,0,,0,0,0,0,0,,0,0,0,0,,0,0
1,0.2358526,1,,0,3.5,3.64,0,0,0,,0,0,,0,0,0,0,0,,0,0,0,0,,0,0
1,0.2604813,1,,0,3.5,4.246666,0,0,0,,0,0,,0,0,0,0,0,,0,0,0,0,,0,0
1,0.2797008,1,,0,3.5,4.9,0,0,0,,0,0,,0,0,0,0,0,,0,0,0,0,,0,0
1,0.2990979,1,,0,3.5,5.6,0,0,0,,0,0,,0,0,0,0,0,,0,0,0,0,,0,0
1,0.3263028,1,,0,3.5,7.14,0,0,0,,0,0,,0,0,0,0,0,,0,0,0,0,,0,0
1,0.3538882,1,,0,3.5,7.98,0,0,0,,0,0,,0,0,0,0,0,,0,0,0,0,,0,0
1,0.3766828,1,,0,3.5,8.866668,0,0,0,,0,0,,0,0,0,0,0,,0,0,0,0,,0,0
1,0.4001407,1,,0,3.5,9.800001,0,0,0,,0,0,,0,0,0,0,0,,0,0,0,0,,0,0
1,0.4256223,1,,0,3.5,11.80667,0,0,0,,0,0,,0,0,0,0,0,,0,0,0,0,,0,0
1,0.4498515,1,,0,3.5,12.88,0,0,0,,0,0,,0,0,0,0,0,,0,0,0,0,,0,0
1,0.469103,1,,0,3.5,14,0,0,0,,0,0,,0,0,0,0,0,,0,0,0,0,,0,0
1,0.4890609,1,,0,3.5,15.16667,0,0,0,,0,0,,0,0,0,0,0,,0,0,0,0,,0,0
1,0.5129136,1,,0,3.5,16.38,0,0,0,,0,0,,0,0,0,0,0,,0,0,0,0,,0,0
1,0.5457997,1,,0,3.5,18.94667,0,0,0,,0,0,,0,0,0,0,0,,0,0,0,0,,0,0
1,0.5701115,1,,0,3.5,20.3,0,0,0,,0,0,,0,0,0,0,0,,0,0,0,0,,0,0
1,0.5887346,1,,0,3.5,21.7,0,0,0,,0,0,,0,0,0,0,0,,0,0,0,0,,0,0
1,0.6082976,1,,0,3.5,23.14667,0,0,0,,0,0,,0,0,0,0,0,,0,0,0,0,,0,0
1,0.6314895,1,,0,3.5,24.64,0,0,0,,0,0,,0,0,0,0,0,,0,0,0,0,,0,0
1,0.650951,1,,0,3.5,26.18,0,0,0,,0,0,,0,0,0,0,0,,0,0,0,0,,0,0
1,0.6753032,1,,0,3.5,27.76667,0,0,0,,0,0,,0,0,0,0,0,,0,0,0,0,,0,0
1,0.7017551,1,,0,3.5,29.4,0,0,0,,0,0,,0,0,0,0,0,,0,0,0,0,,0,0
1,0.7317842,1,,0,3.5,32.80667,0,0,0,,0,0,,0,0,0,0,0,,0,0,0,0,,0,0
1,0.7618262,1,,0,3.5,34.58,0,0,0,,0,0,,0,0,0,0,0,,0,0,0,0,,0,0
1,0.7918628,1,,0,3.5,38.26667,0,0,0,,0,0,,0,0,0,0,0,,0,0,0,0,,0,0
1,0.8166056,1,,0,3.5,40.18,0,0,0,,0,0,,0,0,0,0,0,,0,0,0,0,,0,0
1,0.8410245,1,,0,3.5,42.14,0,0,0,,0,0,,0,0,0,0,0,,0,0,0,0,,0,0
1,0.8647356,1,,0,3.5,46.2,0,0,0,,0,0,,0,0,0,0,0,,0,0,0,0,,0,0
1,0.8889825,1,,0,3.5,48.3,0,0,0,,0,0,,0,0,0,0,0,,0,0,0,0,,0,0
1,0.9137413,1,,0,3.5,50.44666,0,0,0,,0,0,,0,0,0,0,0,,0,0,0,0,,0,0
1,0.9396496,1,,0,3.5,52.64,0,0,0,,0,0,,0,0,0,0,0,,0,0,0,0,,0,0
1,0.9623175,1,,0,3.5,54.87999,0,0,0,,0,0,,0,0,0,0,0,,0,0,0,0,,0,0
1,0.98765,1,,0,3.5,59.49999,0,0,0,,0,0,,0,0,0,0,0,,0,0,0,0,,0,0
1,1.010194,1,,0,3.5,61.87999,0,0,0,,0,0,,0,0,0,0,0,,0,0,0,0,,0,0
1,1.031959,1,,0,3.5,64.30666,0,0,0,,0,0,,0,0,0,0,0,,0,0,0,0,,0,0
1,1.054066,1,,0,3.5,66.77999,0,0,0,,0,0,,0,0,0,0,0,,0,0,0,0,,0,0
1,1.079585,1,,0,3.5,69.29999,0,0,0,,0,0,,0,0,0,0,0,,0,0,0,0,,0,0
1,1.105586,1,,0,3.5,74.47999,0,0,0,,0,0,,0,0,0,0,0,,0,0,0,0,,0,0
1,1.128873,1,,0,3.5,77.13998,0,0,0,,0,0,,0,0,0,0,0,,0,0,0,0,,0,0
1,1.161867,1,,0,3.5,79.84665,0,0,0,,0,0,,0,0,0,0,0,,0,0,0,0,,0,0
1,1.182644,1,,0,3.5,82.59998,0,0,0,,0,0,,0,0,0,0,0,,0,0,0,0,,0,0
1,1.205761,1,,0,3.5,88.24664,0,0,0,,0,0,,0,0,0,0,0,,0,0,0,0,,0,0
1,1.227077,1,,0,3.5,91.13998,0,0,0,,0,0,,0,0,0,0,0,,0,0,0,0,,0,0
1,1.250897,1,,0,3.5,94.07997,0,0,0,,0,0,,0,0,0,0,0,,0,0,0,0,,0,0
1,1.276193,1,,0,3.5,97.06664,0,0,0,,0,0,,0,0,0,0,0,,0,0,0,0,,0,0
1,1.295283,1,,0,3.5,100.1,0,0,0,,0,0,,0,0,0,0,0,,0,0,0,0,,0,0
1,1.322199,1,,0,3.5,103.18,0,0,0,,0,0,,0,0,0,0,0,,0,0,0,0,,0,0
1,1.345956,1,,0,3.5,109.48,0,0,0,,0,0,,0,0,0,0,0,,0,0,0,0,,0,0
1,1.372507,1,,0,3.5,112.7,0,0,0,,0,0,,0,0,0,0,0,,0,0,0,0,,0,0
1,1.397268,1,,0,3.5,115.9666,0,0,0,,0,0,,0,0,0,0,0,,0,0,0,0,,0,0
1,1.422873,1,,0,3.5,119.28,0,0,0,,0,0,,0,0,0,0,0,,0,0,0,0,,0,0
1,1.449122,1,,0,3.5,126.0466,0,0,0,,0,0,,0,0,0,0,0,,0,0,0,0,,0,0
1,1.476729,1,,0,3.5,129.5,0,0,0,,0,0,,0,0,0,0,0,,0,0,0,0,,0,0
1,1.497711,1,,0,3.5,133,0,0,0,,0,0,,0,0,0,0,0,,0,0,0,0,,0,0
1,1.521093,1,,0,3.5,136.5466,0,0,0,,0,0,,0,0,0,0,0,,0,0,0,0,,0,0
1,1.549064,1,,0,3.5,143.78,0,0,0,,0,0,,0,0,0,0,0,,0,0,0,0,,0,0
1,1.573965,1,,0,3.5,147.4666,0,0,0,,0,0,,0,0,0,0,0,,0,0,0,0,,0,0
1,1.636807,1,,0,3.5,158.8066,0,0,0,,0,0,,0,0,0,0,0,,0,0,0,0,,0,0
1,1.655172,1,,0,3.5,162.6799,0,0,0,,0,0,,0,0,0,0,0,,0,0,0,0,,0,0
1,1.674508,1,,0,3.5,166.5999,0,0,0,,0,0,,0,0,0,0,0,,0,0,0,0,,0,0
1,1.691196,1,,0,3.5,170.5666,0,0,0,,0,0,,0,0,0,0,0,,0,0,0,0,,0,0
1,1.712719,1,,0,3.5,174.5799,0,0,0,,0,0,,0,0,0,0,0,,0,0,0,0,,0,0
1,1.733888,1,,0,3.5,178.6399,0,0,0,,0,0,,0,0,0,0,0,,0,0,0,0,,0,0
1,1.760667,1,,0,3.5,182.7466,0,0,0,,0,0,,0,0,0,0,0,,0,0,0,0,,0,0
1,1.802671,1,,0,3.5,191.0999,0,0,0,,0,0,,0,0,0,0,0,,0,0,0,0,,0,0
1,1.827624,1,,0,3.5,199.6399,0,0,0,,0,0,,0,0,0,0,0,,0,0,0,0,,0,0
1,1.847329,1,,0,3.5,203.9799,0,0,0,,0,0,,0,0,0,0,0,,0,0,0,0,,0,0
1,1.866995,1,,0,3.5,208.3666,0,0,0,,0,0,,0,0,0,0,0,,0,0,0,0,,0,0
1,1.888225,1,,0,3.5,212.7999,0,0,0,,0,0,,0,0,0,0,0,,0,0,0,0,,0,0
1,1.907493,1,,0,3.5,217.2799,0,0,0,,0,0,,0,0,0,0,0,,0,0,0,0,,0,0
1,1.929703,1,,0,3.5,221.8066,0,0,0,,0,0,,0,0,0,0,0,,0,0,0,0,,0,0
1,1.95323,1,,0,3.5,226.3799,0,0,0,,0,0,,0,0,0,0,0,,0,0,0,0,,0,0
1,1.977513,1,,0,3.5,230.9999,0,0,0,,0,0,,0,0,0,0,0,,0,0,0,0,,1,0
1,2.002269,1,,-0.437094,3.5,235.6665,0,0,0,,0,0,,0,0,0,0,0,,0,0,0,0,,1,0
1,2.024971,1,,-1.319803,3.5,245.1399,0,0,0,,0,0,,0,0,0,0,0,,0,0,0,0,,1,0
1,2.047153,1,,-2.611154,3.5,249.9465,0,0,0,,0,0,,0,0,0,0,0,,0,0,0,0,,1,0
1,2.069741,1,,-4.301764,3.5,254.7999,0,0,0,,0,0,,0,0,0,0,0,,0,0,0,0,,1,0
1,2.090326,1,,-6.398973,3.5,259.6999,0,0,0,,0,0,,0,0,0,0,0,,0,0,0,0,,1,0
1,2.110801,1,,-8.866702,3.5,264.6465,0,0,0,,0,0,,0,0,0,0,0,,0,0,0,0,,1,0
1,2.130751,1,,-11.70297,3.5,269.6398,0,0,0,,0,0,,0,0,0,0,0,,0,0,0,0,,1,0
1,2.15307,1,,-14.89835,3.5,274.6798,0,0,0,,0,0,,0,0,0,0,0,,0,0,0,0,,1,0
1,2.173163,1,,-18.49547,3.5,279.7665,0,0,0,,0,0,,0,0,0,0,0,,0,0,0,0,,1,0
1,2.19617,1,,-22.45427,3.5,284.8998,0,0,0,,0,0,,0,0,0,0,0,,0,0,0,0,,1,0
1,2.218921,1,,-26.8272,3.5,290.0798,0,0,0,,0,0,,0,0,0,0,0,,0,0,0,0,,1,0
1,2.23904,1,,-31.60964,3.5,295.3065,0,0,0,,0,0,,0,0,0,0,0,,0,0,0,0,,1,0
1,2.259573,1,,-36.75421,3.5,300.5798,0,0,0,,0,0,,0,0,0,0,0,,0,0,0,0,,1,0
1,2.280184,1,,-42.26838,3.5,305.8998,0,0,0,,0,0,,0,0,0,0,0,,0,0,0,0,,1,0
1,2.303237,1,,-48.15355,3.5,311.2665,0,0,0,,0,0,,0,0,0,0,0,,0,0,0,0,,1,1
1,2.326069,1,,-50,3.5,322.1398,0,0,0,,0,0,,0,0,0,0,0,,0,0,0,0,,1,1
1,2.358481,1,,-50,3.5,327.6465,0,0,0,,0,0,,0,0,0,0,0,,0,0,0,0,,0,1
1,2.380632,1,,-50,3.5,333.1998,0,0,0,,0,0,,0,0,0,0,0,,0,0,0,0,,0,1
1,2.400136,1,,-49.60129,3.5,338.7998,0,0,0,,0,0,,0,0,0,0,0,,0,0,0,0,,0,1
1,2.421048,1,,-48.85151,3.5,344.4464,0,0,0,,0,0,,0,0,0,0,0,,0,0,0,0,,0,1
1,2.444299,1,,-47.7253,3.5,350.1398,0,0,0,,0,0,,0,0,0,0,0,,0,0,0,0,,0,1
1,2.466835,1,,-46.18058,3.5,361.6664,0,0,0,,0,0,,0,0,0,0,0,,0,0,0,0,,0,1
1,2.493231,1,,-44.23021,3.5,367.4998,0,0,0,,0,0,,0,0,0,0,0,,0,0,0,0,,0,1
1,2.512301,1,,-41.80472,3.5,373.3798,0,0,0,,0,0,,0,0,0,0,0,,0,0,0,0,,0,1
1,2.53311,1,,-39.03597,3.5,379.3064,0,0,0,,0,0,,0,0,0,0,0,,0,0,0,0,,0,1
1,2.554089,1,,-35.89266,3.5,385.2798,0,0,0,,0,0,,0,0,0,0,0,,0,0,0,0,,0,1
1,2.574126,1,,-32.37172,3.5,391.2997,0,0,0,,0,0,,0,0,0,0,0,,0,0,0,0,,0,1
1,2.595542,1,,-28.49012,3.5,397.3664,0,0,0,,0,0,,0,0,0,0,0,,0,0,0,0,,0,1
1,2.619153,1,,-24.22303,3.5,403.4797,0,0,0,,0,0,,0,0,0,0,0,,0,0,0,0,,0,1
1,2.640048,1,,-19.53093,3.5,409.6397,0,0,0,,0,0,,0,0,0,0,0,,0,0,0,0,,0,1
1,2.661106,1,,-14.46273,3.5,415.8464,0,0,0,,0,0,,0,0,0,0,0,,0,0,0,0,,0,1
1,2.682404,1,,-9.01548,3.5,422.0997,0,0,0,,0,0,,0,0,0,0,0,,0,0,0,0,,0,1
1,2.702854,1,,-3.184868,3.5,428.3997,0,0,0,,0,0,,0,0,0,0,0,,0,0,0,0,,0,1
1,2.724076,1,,2.815132,3.5,434.7464,0,0,0,,0,0,,0,0,0,0,0,,0,0,0,0,,0,1
1,2.744074,1,,8.815132,3.5,441.1397,0,0,0,,0,0,,0,0,0,0,0,,0,0,0,0,,0,1
1,2.764752,1,,14.81513,3.5,454.0664,0,0,0,,0,0,,0,0,0,0,0,,0,0,0,0,,0,1
1,2.78649,1,,20.81513,3.5,460.5997,0,0,0,,0,0,,0,0,0,0,0,,0,0,0,0,,0,1
1,2.807439,1,,26.81513,3.5,467.1797,0,0,0,,0,0,,0,0,0,0,0,,0,0,0,0,,0,1
1,2.826951,1,,32.81513,3.5,473.8063,0,0,0,,0,0,,0,0,0,0,0,,0,0,0,0,,0,1
1,2.847288,1,,38.81513,3.5,480.4797,0,0,0,,0,0,,0,0,0,0,0,,0,0,0,0,,0,1
1,2.86807,1,,44.81513,3.5,487.1997,0,0,0,,0,0,,0,0,0,0,0,,0,0,0,0,,0,1
1,2.897879,1,,50,3.5,493.9663,0,0,0,,0,0,,0,0,0,0,0,,0,0,0,0,,0,1
1,2.920224,1,,50,3.5,500.7797,0,0,0,,0,0,,0,0,0,0,0,,0,0,0,0,,0,0
1,2.943348,1,,50,3.5,507.6396,0,0,0,,0,0,,0,0,0,0,0,,0,0,0,0,,0,0
1,2.966743,1,,50,3.5,521.4996,0,0,0,,0,0,,0,0,0,0,0,,0,0,0,0,,1,0
1,2.99017,1,,50,3.5,528.4996,0,0,0,,0,0,,0,0,0,0,0,,0,0,0,0,,1,0
1,3.010544,1,,49.57831,3.5,535.4996,0,0,0,,0,0,,0,0,0,0,0,,0,0,0,0,,1,0
1,3.030632,1,,48.78989,3.5,542.4996,0,0,0,,0,0,,0,0,0,0,0,,0,0,0,0,,1,0
1,3.050607,1,,47.63988,3.5,549.4996,0,0,0,,0,0,,0,0,0,0,0,,0,0,0,0,,1,0
1,3.072006,1,,46.13032,3.5,556.4996,0,0,0,,0,0,,0,0,0,0,0,,0,0,0,0,,1,0
1,3.09133,1,,44.23557,3.5,563.4996,0,0,0,,0,0,,0,0,0,0,0,,0,0,0,0,,1,0
1,3.110927,1,,41.993,3.5,570.4996,0,0,0,,0,0,,0,0,0,0,0,,0,0,0,0,,1,0
1,3.132068,1,,39.39769,3.5,577.4996,0,0,0,,0,0,,0,0,0,0,0,,0,0,0,0,,1,0
1,3.15279,1,,36.42184,3.5,584.4996,0,0,0,,0,0,,0,0,0,0,0,,0,0,0,0,,1,0
1,3.173232,1,,33.073,3.5,591.4996,0,0,0,,0,0,,0,0,0,0,0,,0,0,0,0,,1,0
1,3.194059,1,,29.35619,3.5,598.4996,0,0,0,,0,0,,0,0,0,0,0,,0,0,0,0,,1,1
1,3.219523,1,,25.63938,3.5,605.4996,0,0,0,,0,0,,0,0,0,0,0,,0,0,0,0,,0,1
1,3.243275,1,,25.63938,3.5,612.4996,0,0,0,,0,0,,0,0,0,0,0,,0,0,0,0,,0,1
1,3.262938,1,,26.06691,3.5,619.4996,0,0,0,,0,0,,0,0,0,0,0,,0,0,0,0,,0,1
1,3.284019,1,,26.84838,3.5,626.4996,0,0,0,,0,0,,0,0,0,0,0,,0,0,0,0,,0,1
1,3.305678,1,,28.00931,3.5,640.4996,0,0,0,,0,0,,0,0,0,0,0,,0,0,0,0,,0,1
1,3.305678,1,,28.00931,3.5,640.4996,0,0,0,,0,0,,0,0,0,0,0,,1,52,3.5,2605.5,,0,1
1,3.325549,1,,29.56008,3.5,647.4996,0,0,0,,0,0,,0,0,0,0,0,,0,0,0,0,,0,1
1,3.362802,1,,31.46853,3.5,654.4996,0,0,0,,0,0,,0,0,0,0,0,,0,0,0,0,,0,1
1,3.383753,1,,34.04753,3.5,661.4996,0,0,0,,0,0,,0,0,0,0,0,,0,0,0,0,,1,1
1,3.409686,1,,36.62654,3.5,675.4996,0,0,0,,0,0,,0,0,0,0,0,,0,0,0,0,,1,0
1,3.442085,1,,36.62654,3.5,682.4996,0,0,0,,0,0,,0,0,0,0,0,,0,0,0,0,,1,0
1,3.462426,1,,36.04336,3.5,689.4996,0,0,0,,0,0,,0,0,0,0,0,,0,0,0,0,,1,0
1,3.483796,1,,35.09405,3.5,696.4996,0,0,0,,0,0,,0,0,0,0,0,,0,0,0,0,,1,0
1,3.504853,1,,33.76007,3.5,710.4996,0,0,0,,0,0,,0,0,0,0,0,,0,0,0,0,,1,1
1,3.531508,1,,32.42609,3.5,717.4996,0,0,0,,0,0,,0,0,0,0,0,,0,0,0,0,,0,1
1,3.555234,1,,32.42609,3.5,724.4996,0,0,0,,0,0,,0,0,0,0,0,,0,0,0,0,,0,1
1,3.576407,1,,32.85316,3.5,731.4996,0,0,0,,0,0,,0,0,0,0,0,,0,0,0,0,,0,1
1,3.598037,1,,33.66135,3.5,738.4996,0,0,0,,0,0,,0,0,0,0,0,,0,0,0,0,,0,1
1,3.620269,1,,34.85889,3.5,745.4996,0,0,0,,0,0,,0,0,0,0,0,,0,0,0,0,,0,1
1,3.640233,1,,36.4566,3.5,752.4996,0,0,0,,0,0,,0,0,0,0,0,,0,0,0,0,,0,1
1,3.665265,1,,38.41367,3.5,766.4996,0,0,0,,0,0,,0,0,0,0,0,,0,0,0,0,,1,0
1,3.691346,1,,38.41367,3.5,773.4996,0,0,0,,0,0,,0,0,0,0,0,,0,0,0,0,,1,0
1,3.712008,1,,37.9442,3.5,780.4996,0,0,0,,0,0,,0,0,0,0,0,,0,0,0,0,,1,0
1,3.733649,1,,37.10283,3.5,787.4996,0,0,0,,0,0,,0,0,0,0,0,,0,0,0,0,,1,0
1,3.755512,1,,35.87191,3.5,794.4996,0,0,0,,0,0,,0,0,0,0,0,,0,0,0,0,,1,0
1,3.776469,1,,34.24746,3.5,801.4996,0,0,0,,0,0,,0,0,0,0,0,,0,0,0,0,,1,0
1,3.795806,1,,32.24578,3.5,808.4996,0,0,0,,0,0,,0,0,0,0,0,,0,0,0,0,,1,0
1,3.817547,1,,29.89603,3.5,815.4996,0,0,0,,0,0,,0,0,0,0,0,,0,0,0,0,,1,0
1,3.839487,1,,27.15495,3.5,822.4996,0,0,0,,0,0,,0,0,0,0,0,,0,0,0,0,,1,0
1,3.861331,1,,24.01896,3.5,829.4996,0,0,0,,0,0,,0,0,0,0,0,,0,0,0,0,,1,0
1,3.882165,1,,20.48977,3.5,836.4996,0,0,0,,0,0,,0,0,0,0,0,,0,0,0,0,,1,0
1,3.903385,1,,16.58556,3.5,843.4996,0,0,0,,0,0,,0,0,0,0,0,,0,0,0,0,,1,0
1,3.930787,1,,12.2994,3.5,857.4996,0,0,0,,0,0,,0,0,0,0,0,,0,0,0,0,,1,0
1,3.952768,1,,7.519996,3.5,864.4996,0,0,0,,0,0,,0,0,0,0,0,,0,0,0,0,,1,0
1,3.973475,1,,2.344942,3.5,871.4996,0,0,0,,0,0,,0,0,0,0,0,,0,0,0,0,,1,0
1,3.994401,1,,-3.202848,3.5,878.4996,0,0,0,,0,0,,0,0,0,0,0,,0,0,0,0,,1,0
1,4.02683,1,,-9.127293,3.5,892.4996,0,0,0,,0,0,,0,0,0,0,0,,0,0,0,0,,1,0
1,4.048262,1,,-15.12729,3.5,899.4996,0,0,0,,0,0,,0,0,0,0,0,,0,0,0,0,,1,0
1,4.073068,1,,-21.12729,3.5,906.4996,0,0,0,,0,0,,0,0,0,0,0,,0,0,0,0,,0,0
1,4.096979,1,,-26.68079,3.5,913.4996,0,0,0,,0,0,,0,0,0,0,0,,0,0,0,0,,0,0
1,4.120845,1,,-31.80388,3.5,920.4996,0,0,0,,0,0,,0,0,0,0,0,,0,0,0,0,,0,1
1,4.146294,1,,-31.80388,3.5,934.4996,0,0,0,,0,0,,0,0,0,0,0,,0,0,0,0,,0,1
1,4.169469,1,,-31.3458,3.5,941.4996,0,0,0,,0,0,,0,0,0,0,0,,0,0,0,0,,0,1
1,4.191483,1,,-30.47056,3.5,948.4996,0,0,0,,0,0,,0,0,0,0,0,,0,0,0,0,,0,1
1,4.21216,1,,-29.19909,3.5,955.4996,0,0,0,,0,0,,0,0,0,0,0,,0,0,0,0,,0,1
1,4.23508,1,,-27.55542,3.5,962.4996,0,0,0,,0,0,,0,0,0,0,0,,0,0,0,0,,0,1
1,4.257456,1,,-25.49919,3.5,969.4996,0,0,0,,0,0,,0,0,0,0,0,,0,0,0,0,,0,1
1,4.278466,1,,-23.04019,3.5,976.4996,0,0,0,,0,0,,0,0,0,0,0,,0,0,0,0,,0,1
1,4.300456,1,,-20.20302,3.5,983.4996,0,0,0,,0,0,,0,0,0,0,0,,0,0,0,0,,0,1
1,4.322795,1,,-16.97003,3.5,990.4996,0,0,0,,0,0,,0,0,0,0,0,,0,0,0,0,,0,1
1,4.34442,1,,-13.33493,3.5,1004.5,0,0,0,,0,0,,0,0,0,0,0,,0,0,0,0,,0,1
1,4.36642,1,,-9.310583,3.5,1011.5,0,0,0,,0,0,,0,0,0,0,0,,0,0,0,0,,0,1
1,4.395815,1,,-4.890233,3.5,1018.5,0,0,0,,0,0,,0,0,0,0,0,,0,0,0,0,,0,1
1,4.417806,1,,0.0592165,3.5,1025.5,0,0,0,,0,0,,0,0,0,0,0,,0,0,0,0,,0,1
1,4.439625,1,,5.404499,3.5,1032.5,0,0,0,,0,0,,0,0,0,0,0,,0,0,0,0,,0,1
1,4.462968,1,,11.14254,3.5,1039.5,0,0,0,,0,0,,0,0,0,0,0,,0,0,0,0,,0,0
1,4.489988,1,,16.46041,3.5,1053.5,0,0,0,,0,0,,0,0,0,0,0,,0,0,0,0,,1,0
1,4.514808,1,,16.46041,3.5,1060.5,0,0,0,,0,0,,0,0,0,0,0,,0,0,0,0,,1,0
1,4.537629,1,,16.01366,3.5,1067.5,0,0,0,,0,0,,0,0,0,0,0,,0,0,0,0,,1,0
1,4.560999,1,,15.15613,3.5,1074.5,0,0,0,,0,0,,0,0,0,0,0,,0,0,0,0,,1,0
1,4.582436,1,,13.87794,3.5,1081.5,0,0,0,,0,0,,0,0,0,0,0,,0,0,0,0,,1,0
1,4.61336,1,,12.2139,3.5,1095.5,0,0,0,,0,0,,0,0,0,0,0,,0,0,0,0,,1,0
1,4.63582,1,,9.993212,3.5,1102.5,0,0,0,,0,0,,0,0,0,0,0,,0,0,0,0,,1,0
1,4.658585,1,,7.368241,3.5,1109.5,0,0,0,,0,0,,0,0,0,0,0,,0,0,0,0,,1,0
1,4.679764,1,,4.333519,3.5,1116.5,0,0,0,,0,0,,0,0,0,0,0,,0,0,0,0,,1,0
1,4.702422,1,,0.9175737,3.5,1123.5,0,0,0,,0,0,,0,0,0,0,0,,0,0,0,0,,1,0
1,4.725177,1,,-2.906211,3.5,1137.5,0,0,0,,0,0,,0,0,0,0,0,,0,0,0,0,,1,0
1,4.746893,1,,-7.139599,3.5,1144.5,0,0,0,,0,0,,0,0,0,0,0,,0,0,0,0,,1,0
1,4.769825,1,,-11.76387,3.5,1151.5,0,0,0,,0,0,,0,0,0,0,0,,0,0,0,0,,1,0
1,4.791876,1,,-16.80091,3.5,1158.5,0,0,0,,0,0,,0,0,0,0,0,,0,0,0,0,,1,0
1,4.812952,1,,-22.23489,3.5,1165.5,0,0,0,,0,0,,0,0,0,0,0,,0,0,0,0,,1,0
1,4.838508,1,,-28.04823,3.5,1172.5,0,0,0,,0,0,,0,0,0,0,0,,0,0,0,0,,0,1
1,4.863456,1,,-28.04823,3.5,1179.5,0,0,0,,0,0,,0,0,0,0,0,,0,0,0,0,,0,1
1,4.886077,1,,-27.59916,3.5,1193.5,0,0,0,,0,0,,0,0,0,0,0,,0,0,0,0,,0,1
1,4.908463,1,,-26.74291,3.5,1200.5,0,0,0,,0,0,,0,0,0,0,0,,0,0,0,0,,0,1
1,4.929903,1,,-25.48373,3.5,1207.5,0,0,0,,0,0,,0,0,0,0,0,,0,0,0,0,,0,1
1,4.95296,1,,-23.83862,3.5,1214.5,0,0,0,,0,0,,0,0,0,0,0,,0,0,0,0,,0,1
1,4.974583,1,,-21.77847,3.5,1221.5,0,0,0,,0,0,,0,0,0,0,0,,0,0,0,0,,0,1
1,4.996456,1,,-19.32911,3.5,1228.5,0,0,0,,0,0,,0,0,0,0,0,,0,0,0,0,,0,1
1,5.019708,1,,-16.48604,3.5,1235.5,0,0,0,,0,0,,0,0,0,0,0,,0,0,0,0,,0,1
1,5.041712,1,,-13.22442,3.5,1242.5,0,0,0,,0,0,,0,0,0,0,0,,0,0,0,0,,0,1
1,5.063495,1,,-9.566731,3.5,1249.5,0,0,0,,0,0,,0,0,0,0,0,,0,0,0,0,,0,1
1,5.085793,1,,-5.516951,3.5,1263.5,0,0,0,,0,0,,0,0,0,0,0,,0,0,0,0,,0,1
1,5.120774,1,,-1.06581,3.5,1270.5,0,0,0,,0,0,,0,0,0,0,0,,0,0,0,0,,0,1
1,5.143149,1,,4.01499,3.5,1277.5,0,0,0,,0,0,,0,0,0,0,0,,0,0,0,0,,0,1
1,5.164269,1,,9.498545,3.5,1284.5,0,0,0,,0,0,,0,0,0,0,0,,0,0,0,0,,0,1
1,5.190582,1,,15.36225,3.5,1298.5,0,0,0,,0,0,,0,0,0,0,0,,0,0,0,0,,1,0
1,5.224652,1,,15.36225,3.5,1312.5,0,0,0,,0,0,,0,0,0,0,0,,0,0,0,0,,1,0
1,5.24611,1,,14.74899,3.5,1319.5,0,0,0,,0,0,,0,0,0,0,0,,0,0,0,0,,1,0
1,5.269953,1,,13.74948,3.5,1326.5,0,0,0,,0,0,,0,0,0,0,0,,0,0,0,0,,1,0
1,5.29164,1,,12.3208,3.5,1333.5,0,0,0,,0,0,,0,0,0,0,0,,0,0,0,0,,1,0
1,5.314396,1,,10.50174,3.5,1340.5,0,0,0,,0,0,,0,0,0,0,0,,0,0,0,0,,1,0
1,5.337122,1,,8.273083,3.5,1347.5,0,0,0,,0,0,,0,0,0,0,0,,0,0,0,0,,1,0
1,5.359689,1,,5.635354,3.5,1354.5,0,0,0,,0,0,,0,0,0,0,0,,0,0,0,0,,1,0
1,5.381098,1,,2.591416,3.5,1361.5,0,0,0,,0,0,,0,0,0,0,0,,0,0,0,0,,1,0
1,5.403168,1,,-0.8378842,3.5,1368.5,0,0,0,,0,0,,0,0,0,0,0,,0,0,0,0,,1,0
1,5.4248,1,,-4.664444,3.5,1382.5,0,0,0,,0,0,,0,0,0,0,0,,0,0,0,0,,1,0
1,5.447526,1,,-8.880383,3.5,1389.5,0,0,0,,0,0,,0,0,0,0,0,,0,0,0,0,,1,0
1,5.470454,1,,-13.50537,3.5,1396.5,0,0,0,,0,0,,0,0,0,0,0,,0,0,0,0,,1,0
1,5.492852,1,,-18.54306,3.5,1403.5,0,0,0,,0,0,,0,0,0,0,0,,0,0,0,0,,1,0
1,5.514102,1,,-23.98392,3.5,1410.5,0,0,0,,0,0,,0,0,0,0,0,,0,0,0,0,,1,0
1,5.537587,1,,-29.80729,3.5,1417.5,0,0,0,,0,0,,0,0,0,0,0,,0,0,0,0,,1,0
1,5.559095,1,,-35.8073,3.5,1424.5,0,0,0,,0,0,,0,0,0,0,0,,0,0,0,0,,1,0
1,5.583691,1,,-41.8073,3.5,1431.5,0,0,0,,0,0,,0,0,0,0,0,,0,0,0,0,,0,1
1,5.608161,1,,-41.8073,3.5,1445.5,0,0,0,,0,0,,0,0,0,0,0,,0,0,0,0,,0,1
1,5.629906,1,,-41.36683,3.5,1452.5,0,0,0,,0,0,,0,0,0,0,0,,0,0,0,0,,0,1
1,5.653326,1,,-40.53497,3.5,1459.5,0,0,0,,0,0,,0,0,0,0,0,,0,0,0,0,,0,1
1,5.673782,1,,-39.28154,3.5,1466.5,0,0,0,,0,0,,0,0,0,0,0,,0,0,0,0,,0,1
1,5.695519,1,,-37.6599,3.5,1473.5,0,0,0,,0,0,,0,0,0,0,0,,0,0,0,0,,0,1
1,5.717213,1,,-35.64699,3.5,1480.5,0,0,0,,0,0,,0,0,0,0,0,,0,0,0,0,,0,1
1,5.73903,1,,-33.2436,3.5,1487.5,0,0,0,,0,0,,0,0,0,0,0,,0,0,0,0,,0,1
1,5.763103,1,,-30.4475,3.5,1494.5,0,0,0,,0,0,,0,0,0,0,0,,0,0,0,0,,1,0
1,5.789147,1,,-30.4475,3.5,1508.5,0,0,0,,0,0,,0,0,0,0,0,,0,0,0,0,,1,0
1,5.827413,1,,-30.91628,3.5,1522.5,0,0,0,,0,0,,0,0,0,0,0,,0,0,0,0,,1,0
1,5.84856,1,,-32.07384,3.5,1529.5,0,0,0,,0,0,,0,0,0,0,0,,0,0,0,0,,1,0
1,5.870532,1,,-33.61205,3.5,1536.5,0,0,0,,0,0,,0,0,0,0,0,,0,0,0,0,,1,0
1,5.892161,1,,-35.54576,3.5,1543.5,0,0,0,,0,0,,0,0,0,0,0,,0,0,0,0,,1,0
1,5.913427,1,,-37.8688,3.5,1550.5,0,0,0,,0,0,,0,0,0,0,0,,0,0,0,0,,1,0
1,5.935855,1,,-40.57463,3.5,1557.5,0,0,0,,0,0,,0,0,0,0,0,,0,0,0,0,,1,0
1,5.958034,1,,-43.68415,3.5,1564.5,0,0,0,,0,0,,0,0,0,0,0,,0,0,0,0,,1,0
1,5.979935,1,,-47.1929,3.5,1571.5,0,0,0,,0,0,,0,0,0,0,0,,0,0,0,0,,1,0
1,6.002983,1,,-50,3.5,1578.5,0,0,0,,0,0,,0,0,0,0,0,,0,0,0,0,,1,0
1,6.025312,1,,-50,3.5,1592.5,0,0,0,,0,0,,0,0,0,0,0,,0,0,0,0,,1,0
1,6.055379,1,,-50,3.5,1599.5,0,0,0,,0,0,,0,0,0,0,0,,0,0,0,0,,1,0
1,6.076643,1,,-50,3.5,1606.5,0,0,0,,0,0,,0,0,0,0,0,,0,0,0,0,,1,0
1,6.098885,1,,-50,3.5,1613.5,0,0,0,,0,0,,0,0,0,0,0,,0,0,0,0,,1,0
1,6.121839,1,,-50,3.5,1620.5,0,0,0,,0,0,,0,0,0,0,0,,0,0,0,0,,1,0
1,6.144055,1,,-50,3.5,1627.5,0,0,0,,0,0,,0,0,0,0,0,,0,0,0,0,,1,0
1,6.167821,1,,-50,3.5,1641.5,0,0,0,,0,0,,0,0,0,0,0,,0,0,0,0,,1,0
1,6.167821,1,,-50,3.5,1641.5,0,0,0,,0,0,,0,0,0,0,0,,1,-52,3.5,3606.5,,1,0
1,6.190654,1,,-50,3.5,1648.5,0,0,0,,0,0,,0,0,0,0,0,,0,0,0,0,,1,0
1,6.232327,1,,-50,3.5,1662.5,0,0,0,,0,0,,0,0,0,0,0,,0,0,0,0,,1,0
1,6.256516,1,,-50,3.5,1669.5,0,0,0,,0,0,,0,0,0,0,0,,0,0,0,0,,1,0
1,6.278197,1,,-50,3.5,1676.5,0,0,0,,0,0,,0,0,0,0,0,,0,0,0,0,,1,0
1,6.302326,1,,-50,3.5,1683.5,0,0,0,,0,0,,0,0,0,0,0,,0,0,0,0,,1,0
1,6.324486,1,,-50,3.5,1697.5,0,0,0,,0,0,,0,0,0,0,0,,0,0,0,0,,1,0
1,6.347822,1,,-50,3.5,1704.5,0,0,0,,0,0,,0,0,0,0,0,,0,0,0,0,,1,0
1,6.370155,1,,-50,3.5,1711.5,0,0,0,,0,0,,0,0,0,0,0,,0,0,0,0,,1,0
1,6.394584,1,,-50,3.5,1718.5,0,0,0,,0,0,,0,0,0,0,0,,0,0,0,0,,0,1
1,6.418473,1,,-50,3.5,1725.5,0,0,0,,0,0,,0,0,0,0,0,,0,0,0,0,,0,1
1,6.449598,1,,-49.56999,3.5,1739.5,0,0,0,,0,0,,0,0,0,0,0,,0,0,0,0,,0,1
1,6.47098,1,,-48.57973,3.5,1746.5,0,0,0,,0,0,,0,0,0,0,0,,0,0,0,0,,0,1
1,6.493621,1,,-47.20459,3.5,1753.5,0,0,0,,0,0,,0,0,0,0,0,,0,0,0,0,,0,1
1,6.521119,1,,-45.42192,3.5,1760.5,0,0,0,,0,0,,0,0,0,0,0,,0,0,0,0,,0,1
1,6.541435,1,,-43.14428,3.5,1767.5,0,0,0,,0,0,,0,0,0,0,0,,0,0,0,0,,0,1
1,6.56238,1,,-40.50095,3.5,1774.5,0,0,0,,0,0,,0,0,0,0,0,,0,0,0,0,,0,1
1,6.584782,1,,-37.4806,3.5,1788.5,0,0,0,,0,0,,0,0,0,0,0,,0,0,0,0,,0,1
1,6.606957,1,,-34.05701,3.5,1795.5,0,0,0,,0,0,,0,0,0,0,0,,0,0,0,0,,0,1
1,6.626791,1,,-30.23428,3.5,1802.5,0,0,0,,0,0,,0,0,0,0,0,,0,0,0,0,,0,1
1,6.647415,1,,-26.05454,3.5,1809.5,0,0,0,,0,0,,0,0,0,0,0,,0,0,0,0,,0,1
1,6.669399,1,,-21.50356,3.5,1816.5,0,0,0,,0,0,,0,0,0,0,0,,0,0,0,0,,0,1
1,6.691216,1,,-16.55688,3.5,1823.5,0,0,0,,0,0,,0,0,0,0,0,,0,0,0,0,,0,1
1,6.711116,1,,-11.21749,3.5,1830.5,0,0,0,,0,0,,0,0,0,0,0,,0,0,0,0,,0,1
1,6.732448,1,,-5.519899,3.5,1837.5,0,0,0,,0,0,,0,0,0,0,0,,0,0,0,0,,0,1
1,6.75476,1,,0.4801006,3.5,1844.5,0,0,0,,0,0,,0,0,0,0,0,,0,0,0,0,,0,1
1,6.775172,1,,6.480101,3.5,1851.5,0,0,0,,0,0,,0,0,0,0,0,,0,0,0,0,,0,1
1,6.795661,1,,12.4801,3.5,1858.5,0,0,0,,0,0,,0,0,0,0,0,,0,0,0,0,,0,1
1,6.818525,1,,18.4801,3.5,1865.5,0,0,0,,0,0,,0,0,0,0,0,,0,0,0,0,,0,1
1,6.839529,1,,24.4801,3.5,1872.5,0,0,0,,0,0,,0,0,0,0,0,,0,0,0,0,,0,1
1,6.85963,1,,30.4801,3.5,1879.5,0,0,0,,0,0,,0,0,0,0,0,,0,0,0,0,,0,1
1,6.881948,1,,36.4801,3.5,1886.5,0,0,0,,0,0,,0,0,0,0,0,,0,0,0,0,,0,0
1,6.909023,1,,42.07837,3.5,1900.5,0,0,0,,0,0,,0,0,0,0,0,,0,0,0,0,,1,0
1,6.932841,1,,42.07837,3.5,1907.5,0,0,0,,0,0,,0,0,0,0,0,,0,0,0,0,,1,0
1,6.954123,1,,41.64966,3.5,1914.5,0,0,0,,0,0,,0,0,0,0,0,,0,0,0,0,,1,0
1,6.975441,1,,40.83787,3.5,1921.5,0,0,0,,0,0,,0,0,0,0,0,,0,0,0,0,,1,0
1,6.995341,1,,39.64235,3.5,1928.5,0,0,0,,0,0,,0,0,0,0,0,,0,0,0,0,,1,0
1,7.026946,1,,38.08863,3.5,1942.5,0,0,0,,0,0,,0,0,0,0,0,,0,0,0,0,,1,0
1,7.048565,1,,35.96603,3.5,1949.5,0,0,0,,0,0,,0,0,0,0,0,,0,0,0,0,,1,0
1,7.070085,1,,33.45427,3.5,1956.5,0,0,0,,0,0,,0,0,0,0,0,,0,0,0,0,,1,0
1,7.090933,1,,30.55517,3.5,1963.5,0,0,0,,0,0,,0,0,0,0,0,,0,0,0,0,,1,0
1,7.111363,1,,27.2808,3.5,1970.5,0,0,0,,0,0,,0,0,0,0,0,,0,0,0,0,,1,0
1,7.132133,1,,23.63868,3.5,1977.5,0,0,0,,0,0,,0,0,0,0,0,,0,0,0,0,,1,0
1,7.153603,1,,19.62272,3.5,1984.5,0,0,0,,0,0,,0,0,0,0,0,,0,0,0,0,,1,0
1,7.17478,1,,15.22029,3.5,1991.5,0,0,0,,0,0,,0,0,0,0,0,,0,0,0,0,,1,0
1,7.201897,1,,10.43668,3.5,1998.5,0,0,0,,0,0,,0,0,0,0,0,,0,0,0,0,,1,0
1,7.222783,1,,5.164958,3.5,2005.5,0,0,0,,0,0,,0,0,0,0,0,,0,0,0,0,,1,0
1,7.245234,1,,-0.4827216,3.5,2019.5,0,0,0,,0,0,,0,0,0,0,0,,0,0,0,0,,0,0
1,7.270028,1,,-5.726296,3.5,2026.5,0,0,0,,0,0,,0,0,0,0,0,,0,0,0,0,,0,0
1,7.291714,1,,-10.52358,3.5,2033.5,0,0,0,,0,0,,0,0,0,0,0,,0,0,0,0,,0,0
1,7.311786,1,,-14.93051,3.5,2040.5,0,0,0,,0,0,,0,0,0,0,0,,0,0,0,0,,0,0
1,7.335616,1,,-18.97613,3.5,2047.5,0,0,0,,0,0,,0,0,0,0,0,,0,0,0,0,,0,1
1,7.359583,1,,-18.97613,3.5,2054.5,0,0,0,,0,0,,0,0,0,0,0,,0,0,0,0,,0,1
1,7.3805,1,,-18.54471,3.5,2061.5,0,0,0,,0,0,,0,0,0,0,0,,0,0,0,0,,0,1
1,7.402286,1,,-17.73679,3.5,2068.5,0,0,0,,0,0,,0,0,0,0,0,,0,0,0,0,,0,1
1,7.424724,1,,-16.53674,3.5,2082.5,0,0,0,,0,0,,0,0,0,0,0,,0,0,0,0,,0,1
1,7.446342,1,,-14.9328,3.5,2089.5,0,0,0,,0,0,,0,0,0,0,0,,0,0,0,0,,0,1
1,7.467767,1,,-12.93971,3.5,2096.5,0,0,0,,0,0,,0,0,0,0,0,,0,0,0,0,,0,1
1,7.489002,1,,-10.56098,3.5,2103.5,0,0,0,,0,0,,0,0,0,0,0,,0,0,0,0,,0,1
1,7.509789,1,,-7.800022,3.5,2110.5,0,0,0,,0,0,,0,0,0,0,0,,0,0,0,0,,0,1
1,7.530607,1,,-4.664899,3.5,2117.5,0,0,0,,0,0,,0,0,0,0,0,,0,0,0,0,,0,1
1,7.553035,1,,-1.155049,3.5,2124.5,0,0,0,,0,0,,0,0,0,0,0,,0,0,0,0,,0,1
1,7.574245,1,,2.758509,3.5,2131.5,0,0,0,,0,0,,0,0,0,0,0,,0,0,0,0,,0,1
1,7.594462,1,,7.053847,3.5,2138.5,0,0,0,,0,0,,0,0,0,0,0,,0,0,0,0,,0,1
1,7.626379,1,,11.71309,3.5,2152.5,0,0,0,,0,0,,0,0,0,0,0,,0,0,0,0,,0,1
1,7.64733,1,,16.94683,3.5,2159.5,0,0,0,,0,0,,0,0,0,0,0,,0,0,0,0,,0,1
1,7.669499,1,,22.55769,3.5,2166.5,0,0,0,,0,0,,0,0,0,0,0,,0,0,0,0,,0,1
1,7.690992,1,,28.55769,3.5,2173.5,0,0,0,,0,0,,0,0,0,0,0,,0,0,0,0,,0,1
1,7.711208,1,,34.55769,3.5,2180.5,0,0,0,,0,0,,0,0,0,0,0,,0,0,0,0,,0,1
1,7.732435,1,,40.55769,3.5,2187.5,0,0,0,,0,0,,0,0,0,0,0,,0,0,0,0,,0,1
1,7.756204,1,,46.55769,3.5,2194.5,0,0,0,,0,0,,0,0,0,0,0,,0,0,0,0,,0,0
1,7.779335,1,,50,3.5,2201.5,0,0,0,,0,0,,0,0,0,0,0,,0,0,0,0,,0,0
1,7.803543,1,,50,3.5,2208.5,0,0,0,,0,0,,0,0,0,0,0,,0,0,0,0,,1,0
1,7.827439,1,,50,3.5,2222.5,0,0,0,,0,0,,0,0,0,0,0,,0,0,0,0,,1,0
1,7.849257,1,,49.56987,3.5,2229.5,0,0,0,,0,0,,0,0,0,0,0,,0,0,0,0,,1,0
1,7.871639,1,,48.74702,3.5,2236.5,0,0,0,,0,0,,0,0,0,0,0,,0,0,0,0,,1,0
1,7.892406,1,,47.52129,3.5,2243.5,0,0,0,,0,0,,0,0,0,0,0,,0,0,0,0,,1,0
1,7.920005,1,,45.92176,3.5,2250.5,0,0,0,,0,0,,0,0,0,0,0,,0,0,0,0,,1,0
1,7.941885,1,,43.82544,3.5,2257.5,0,0,0,,0,0,,0,0,0,0,0,,0,0,0,0,,1,0
1,7.962233,1,,41.33528,3.5,2264.5,0,0,0,,0,0,,0,0,0,0,0,,0,0,0,0,,1,0
1,7.983304,1,,38.47886,3.5,2271.5,0,0,0,,0,0,,0,0,0,0,0,,0,0,0,0,,1,0
1,8.005111,1,,35.24316,3.5,2285.5,0,0,0,,0,0,,0,0,0,0,0,,0,0,0,0,,1,0
1,8.026009,1,,31.61493,3.5,2292.5,0,0,0,,0,0,,0,0,0,0,0,,0,0,0,0,,1,0
1,8.047578,1,,27.61055,3.5,2299.5,0,0,0,,0,0,,0,0,0,0,0,,0,0,0,0,,1,0
1,8.069355,1,,23.21792,3.5,2306.5,0,0,0,,0,0,,0,0,0,0,0,,0,0,0,0,,1,0
1,8.090936,1,,18.43332,3.5,2313.5,0,0,0,,0,0,,0,0,0,0,0,,0,0,0,0,,1,0
1,8.111609,1,,13.26027,3.5,2320.5,0,0,0,,0,0,,0,0,0,0,0,,0,0,0,0,,1,0
1,8.132595,1,,7.715097,3.5,2327.5,0,0,0,,0,0,,0,0,0,0,0,,0,0,0,0,,1,0
1,8.154805,1,,1.792166,3.5,2334.5,0,0,0,,0,0,,0,0,0,0,0,,0,0,0,0,,1,0
1,8.175492,1,,-4.207834,3.5,2341.5,0,0,0,,0,0,,0,0,0,0,0,,0,0,0,0,,1,0
1,8.196893,1,,-10.20783,3.5,2348.5,0,0,0,,0,0,,0,0,0,0,0,,0,0,0,0,,1,0
1,8.221685,1,,-16.20783,3.5,2355.5,0,0,0,,0,0,,0,0,0,0,0,,0,0,0,0,,1,0
1,8.243181,1,,-22.20783,3.5,2362.5,0,0,0,,0,0,,0,0,0,0,0,,0,0,0,0,,1,0
1,8.273844,1,,-28.20783,3.5,2376.5,0,0,0,,0,0,,0,0,0,0,0,,0,0,0,0,,1,0
1,8.296228,1,,-34.20783,3.5,2383.5,0,0,0,,0,0,,0,0,0,0,0,,0,0,0,0,,1,0
1,8.320075,1,,-40.20783,3.5,2390.5,0,0,0,,0,0,,0,0,0,0,0,,0,0,0,0,,1,0
1,8.341523,1,,-46.20783,3.5,2397.5,0,0,0,,0,0,,0,0,0,0,0,,0,0,0,0,,1,0
1,8.363976,1,,-50,3.5,2404.5,0,0,0,,0,0,,0,0,0,0,0,,0,0,0,0,,1,0
1,8.387234,1,,-50,3.5,2418.5,0,0,0,,0,0,,0,0,0,0,0,,0,0,0,0,,1,0
1,8.409052,1,,-50,3.5,2425.5,0,0,0,,0,0,,0,0,0,0,0,,0,0,0,0,,1,0
1,8.431241,1,,-50,3.5,2432.5,0,0,0,,0,0,,0,0,0,0,0,,0,0,0,0,,1,1
1,8.457747,1,,-50,3.5,2439.5,0,0,0,,0,0,,0,0,0,0,0,,0,0,0,0,,0,1
1,8.481848,1,,-50,3.5,2446.5,0,0,0,,0,0,,0,0,0,0,0,,0,0,0,0,,0,1
1,8.503381,1,,-49.56617,3.5,2453.5,0,0,0,,0,0,,0,0,0,0,0,,0,0,0,0,,0,1
1,8.523682,1,,-48.74474,3.5,2460.5,0,0,0,,0,0,,0,0,0,0,0,,0,0,0,0,,0,1
1,8.544497,1,,-47.5579,3.5,2474.5,0,0,0,,0,0,,0,0,0,0,0,,0,0,0,0,,0,1
1,8.567976,1,,-45.99637,3.5,2481.5,0,0,0,,0,0,,0,0,0,0,0,,0,0,0,0,,0,1
1,8.589495,1,,-44.01222,3.5,2488.5,0,0,0,,0,0,,0,0,0,0,0,,0,0,0,0,,0,1
1,8.609998,1,,-41.64074,3.5,2495.5,0,0,0,,0,0,,0,0,0,0,0,,0,0,0,0,,0,1
1,8.631688,1,,-38.90021,3.5,2502.5,0,0,0,,0,0,,0,0,0,0,0,,0,0,0,0,,0,1
1,8.653092,1,,-35.76925,3.5,2509.5,0,0,0,,0,0,,0,0,0,0,0,,0,0,0,0,,0,1
1,8.67471,1,,-32.25302,3.5,2516.5,0,0,0,,0,0,,0,0,0,0,0,,0,0,0,0,,0,1
1,8.697566,1,,-28.34767,3.5,2523.5,0,0,0,,0,0,,0,0,0,0,0,,0,0,0,0,,0,0
1,8.722045,1,,-24.85372,3.5,2530.5,0,0,0,,0,0,,0,0,0,0,0,,0,0,0,0,,0,0
1,8.743434,1,,-21.8004,3.5,2537.5,0,0,0,,0,0,,0,0,0,0,0,,0,0,0,0,,0,0
1,8.764162,1,,-19.13208,3.5,2544.5,0,0,0,,0,0,,0,0,0,0,0,,0,0,0,0,,0,0
1,8.785677,1,,-16.83687,3.5,2558.5,0,0,0,,0,0,,0,0,0,0,0,,0,0,0,0,,0,0
1,8.807745,1,,-14.92892,3.5,2565.5,0,0,0,,0,0,,0,0,0,0,0,,0,0,0,0,,0,0
1,8.834888,1,,-13.41818,3.5,2572.5,0,0,0,,0,0,,0,0,0,0,0,,0,0,0,0,,0,0
1,8.856825,1,,-12.39602,3.5,2579.5,0,0,0,,0,0,,0,0,0,0,0,,0,0,0,0,,0,0
1,8.879628,1,,-11.76873,3.5,2586.5,0,0,0,,0,0,,0,0,0,0,0,,0,0,0,0,,0,0
1,8.879628,1,,-11.76873,3.5,2586.5,52,3.5,2605.49951171875,,0,0,,0,0,0,0,0,,0,0,0,0,,0,0
1,8.879628,1,,-11.76873,3.5,2586.5,52,3.5,2605.49951171875,,0,0,,0,0,0,0,0,,0,0,0,0,,0,0
1,8.902182,1,,-11.55189,3.5,2593.5,0,0,0,,1,1,,0,0,0,0,0,,0,0,0,0,,0,0
1,8.957346,1,,-11.55189,3.5,2614.5,0,0,0,,1,1,,0,0,0,0,0,,0,0,0,0,,0,0
1,8.978542,1,,-11.55189,3.5,2621.5,0,0,0,,1,1,,0,0,0,0,0,,0,0,0,0,,0,0
1,8.999973,1,,-11.55189,3.5,2628.5,0,0,0,,1,1,,0,0,0,0,0,,0,0,0,0,,0,0
1,9.021663,1,,-11.55189,3.5,2635.5,0,0,0,,1,1,,0,0,0,0,0,,0,0,0,0,,0,0
1,9.042503,1,,-11.55189,3.5,2642.5,0,0,0,,1,1,,0,0,0,0,0,,0,0,0,0,,0,0
1,9.042503,1,,-11.55189,3.5,2642.5,0,0,0,,1,1,,0,0,0,0,0,,1,0,3.5,3607.5,,0,0
1,9.042503,1,,-11.55189,3.5,2642.5,0,0,0,,1,1,,0,0,0,0,0,,1,52,3.5,4607.5,,0,0
1,9.064504,1,,-11.55189,3.5,2656.5,0,0,0,,1,1,,0,0,0,0,0,,0,0,0,0,,0,0
1,9.118475,1,,-11.55189,3.5,2670.5,0,0,0,,1,1,,0,0,0,0,0,,0,0,0,0,,0,1
1,9.142471,1,,-10.5804,3.5,2677.5,0,0,0,,1,1,,0,0,0,0,0,,0,0,0,0,,0,1
1,9.16304,1,,-9.17699,3.5,2684.5,0,0,0,,1,1,,0,0,0,0,0,,0,0,0,0,,0,1
1,9.185268,1,,-7.403327,3.5,2698.5,0,0,0,,1,1,,0,0,0,0,0,,0,0,0,0,,0,1
1,9.205729,1,,-5.22955,3.5,2705.5,0,0,0,,1,1,,0,0,0,0,0,,0,0,0,0,,0,1
1,9.227189,1,,-2.687484,3.5,2712.5,0,0,0,,1,1,,0,0,0,0,0,,0,0,0,0,,0,1
1,9.251108,1,,0.2408676,3.5,2719.5,0,0,0,,1,1,,0,0,0,0,0,,0,0,0,0,,0,0
1,9.275019,1,,2.738679,3.5,2726.5,0,0,0,,1,1,,0,0,0,0,0,,0,0,0,0,,0,0
1,9.295524,1,,4.806108,3.5,2733.5,0,0,0,,1,1,,0,0,0,0,0,,0,0,0,0,,0,0
1,9.317234,1,,6.504451,3.5,2740.5,0,0,0,,1,1,,0,0,0,0,0,,0,0,0,0,,0,0
1,9.338058,1,,7.812003,3.5,2747.5,0,0,0,,1,1,,0,0,0,0,0,,0,0,0,0,,0,0
1,9.358843,1,,8.744724,3.5,2754.5,0,0,0,,1,1,,0,0,0,0,0,,0,0,0,0,,0,0
1,9.380239,1,,9.303314,3.5,2761.5,0,0,0,,1,1,,0,0,0,0,0,,0,0,0,0,,0,0
1,9.402234,1,,9.476768,3.5,2768.5,0,0,0,,1,1,,0,0,0,0,0,,0,0,0,0,,0,0
1,9.423845,1,,9.476768,3.5,2775.5,0,0,0,,1,1,,0,0,0,0,0,,0,0,0,0,,0,0
1,9.443794,1,,9.476768,3.5,2782.5,0,0,0,,1,1,,0,0,0,0,0,,0,0,0,0,,0,0
1,9.465442,1,,9.476768,3.5,2796.5,0,0,0,,1,1,,0,0,0,0,0,,0,0,0,0,,0,0
1,9.487418,1,,9.476768,3.5,2803.5,0,0,0,,1,1,,0,0,0,0,0,,0,0,0,0,,0,0
1,9.508527,1,,9.476768,3.5,2810.5,0,0,0,,1,1,,0,0,0,0,0,,0,0,0,0,,0,0
1,9.528618,1,,9.476768,3.5,2817.5,0,0,0,,1,1,,0,0,0,0,0,,0,0,0,0,,0,0
1,9.550462,1,,9.476768,3.5,2824.5,0,0,0,,1,1,,0,0,0,0,0,,0,0,0,0,,0,0
1,9.572505,1,,9.476768,3.5,2831.5,0,0,0,,1,1,,0,0,0,0,0,,0,0,0,0,,0,0
1,9.593647,1,,9.476768,3.5,2838.5,0,0,0,,1,1,,0,0,0,0,0,,0,0,0,0,,0,0
1,9.625652,1,,9.476768,3.5,2852.5,0,0,0,,1,1,,0,0,0,0,0,,0,0,0,0,,0,0
1,9.648236,1,,9.476768,3.5,2859.5,0,0,0,,1,1,,0,0,0,0,0,,0,0,0,0,,0,0
1,9.671809,1,,9.476768,3.5,2866.5,0,0,0,,1,1,,0,0,0,0,0,,0,0,0,0,,0,0
1,9.694437,1,,9.476768,3.5,2873.5,0,0,0,,1,1,,0,0,0,0,0,,0,0,0,0,,0,0
1,9.716171,1,,9.476768,3.5,2880.5,0,0,0,,1,1,,0,0,0,0,0,,0,0,0,0,,0,0
1,9.73956,1,,9.476768,3.5,2887.5,0,0,0,,1,1,,0,0,0,0,0,,0,0,0,0,,0,0
1,9.761768,1,,9.476768,3.5,2894.5,0,0,0,,1,1,,0,0,0,0,0,,0,0,0,0,,0,0
1,9.784631,1,,9.476768,3.5,2908.5,0,0,0,,1,1,,0,0,0,0,0,,0,0,0,0,,0,0
1,9.8082,1,,9.476768,3.5,2915.5,0,0,0,,1,1,,0,0,0,0,0,,0,0,0,0,,0,0
1,9.829441,1,,9.476768,3.5,2922.5,0,0,0,,1,1,,0,0,0,0,0,,0,0,0,0,,0,0
1,9.850038,1,,9.476768,3.5,2929.5,0,0,0,,1,1,,0,0,0,0,0,,0,0,0,0,,0,0
1,9.874018,1,,9.476768,3.5,2936.5,0,0,0,,1,1,,0,0,0,0,0,,0,0,0,0,,0,0
1,9.894771,1,,9.476768,3.5,2943.5,0,0,0,,1,1,,0,0,0,0,0,,0,0,0,0,,0,0
1,9.915358,1,,9.476768,3.5,2950.5,0,0,0,,1,1,,0,0,0,0,0,,0,0,0,0,,0,0
1,9.936505,1,,9.476768,3.5,2957.5,0,0,0,,1,1,,0,0,0,0,0,,0,0,0,0,,0,0
1,9.957087,1,,9.476768,3.5,2964.5,0,0,0,,1,1,,0,0,0,0,0,,0,0,0,0,,0,0
1,9.978435,1,,9.476768,3.5,2971.5,0,0,0,,1,1,,0,0,0,0,0,,0,0,0,0,,0,0
1,10.00129,1,,9.476768,3.5,2978.5,0,0,0,,1,1,,0,0,0,0,0,,0,0,0,0,,0,0
1,10.02146,1,,9.476768,3.5,2985.5,0,0,0,,1,1,,0,0,0,0,0,,0,0,0,0,,0,0
1,10.03803,1,,9.476768,3.5,2992.5,0,0,0,,1,1,,0,0,0,0,0,,0,0,0,0,,0,0
1,10.05481,1,,9.476768,3.5,2999.5,0,0,0,,1,1,,0,0,0,0,0,,0,0,0,0,,0,0
1,10.07138,1,,9.476768,3.5,3006.5,0,0,0,,1,1,,0,0,0,0,0,,0,0,0,0,,0,0
1,10.08803,1,,9.476768,3.5,3013.5,0,0,0,,1,1,,0,0,0,0,0,,0,0,0,0,,0,0
1,10.10545,1,,9.476768,3.5,3020.5,0,0,0,,1,1,,0,0,0,0,0,,0,0,0,0,,0,0
1,10.12127,1,,9.476768,3.5,3020.5,0,0,0,,1,1,,0,0,0,0,0,,0,0,0,0,,0,0
1,10.13784,1,,9.476768,3.5,3027.5,0,0,0,,1,1,,0,0,0,0,0,,0,0,0,0,,0,0
1,10.1544,1,,9.476768,3.5,3034.5,0,0,0,,1,1,,0,0,0,0,0,,0,0,0,0,,0,0
1,10.17097,1,,9.476768,3.5,3041.5,0,0,0,,1,1,,0,0,0,0,0,,0,0,0,0,,0,0
1,10.18871,1,,9.476768,3.5,3048.5,0,0,0,,1,1,,0,0,0,0,0,,0,0,0,0,,0,0
1,10.2069,1,,9.476768,3.5,3055.5,0,0,0,,1,1,,0,0,0,0,0,,0,0,0,0,,0,0
1,10.23048,1,,9.476768,3.5,3062.5,0,0,0,,1,1,,0,0,0,0,0,,0,0,0,0,,0,0
1,10.2802,1,,9.476768,3.5,3076.5,0,0,0,,1,1,,0,0,0,0,0,,0,0,0,0,,0,0
1,10.31625,1,,9.476768,3.5,3090.5,0,0,0,,1,1,,0,0,0,0,0,,0,0,0,0,,0,0
1,10.35256,1,,9.476768,3.5,3104.5,0,0,0,,1,0,,0,0,0,0,0,,0,0,0,0,,0,0
1,10.38888,1,,9.476768,3.5,3118.5,0,0,0,,1,0,,0,0,0,0,0,,0,0,0,0,,0,0
1,10.42424,1,,9.476768,3.5,3125.5,0,0,0,,1,0,,0,0,0,0,0,,0,0,0,0,,0,0
1,10.46065,1,,9.476768,3.5,3139.5,0,0,0,,1,0,,0,0,0,0,0,,0,0,0,0,,0,0
1,10.49495,1,,9.476768,3.5,3153.5,0,0,0,,1,0,,0,0,0,0,0,,0,0,0,0,,0,0
1,10.52988,1,,9.476768,3.5,3167.5,0,0,0,,1,0,,0,0,0,0,0,,0,0,0,0,,0,0
1,10.57301,1,,9.476768,3.5,3181.5,0,0,0,,1,0,,0,0,0,0,0,,0,0,0,0,,0,0
1,10.60789,1,,9.476768,3.5,3195.5,0,0,0,,1,0,,0,0,0,0,0,,0,0,0,0,,0,0
1,10.64442,1,,9.476768,3.5,3209.5,0,0,0,,1,0,,0,0,0,0,0,,0,0,0,0,,0,0
1,10.67748,1,,9.476768,3.5,3216.5,0,0,0,,1,0,,0,0,0,0,0,,0,0,0,0,,0,0
1,10.69968,1,,9.476768,3.5,3223.5,0,0,0,,1,0,,0,0,0,0,0,,0,0,0,0,,0,0
1,10.72367,1,,9.476768,3.5,3230.5,0,0,0,,1,0,,0,0,0,0,0,,0,0,0,0,,0,0
1,10.74657,1,,9.476768,3.5,3244.5,0,0,0,,1,0,,0,0,0,0,0,,0,0,0,0,,0,0
1,10.77243,1,,9.476768,3.5,3251.5,0,0,0,,1,0,,0,0,0,0,0,,0,0,0,0,,0,0
1,10.79627,1,,9.476768,3.5,3258.5,0,0,0,,1,0,,0,0,0,0,0,,0,0,0,0,,0,0
1,10.81826,1,,9.476768,3.5,3265.5,0,0,0,,1,0,,0,0,0,0,0,,0,0,0,0,,0,0
1,10.84163,1,,9.476768,3.5,3272.5,0,0,0,,1,0,,0,0,0,0,0,,0,0,0,0,,0,0
1,10.86464,1,,9.476768,3.5,3286.5,0,0,0,,1,0,,0,0,0,0,0,,0,0,0,0,,0,0
1,10.91177,1,,9.476768,3.5,3300.5,0,0,0,,1,0,,0,0,0,0,0,,0,0,0,0,,0,0
1,10.94337,1,,9.476768,3.5,3307.5,0,0,0,,1,0,,0,0,0,0,0,,0,0,0,0,,0,0
1,10.97042,1,,9.476768,3.5,3321.5,0,0,0,,1,0,,0,0,0,0,0,,0,0,0,0,,0,0
1,11.00751,1,,9.476768,3.5,3335.5,0,0,0,,1,0,,0,0,0,0,0,,0,0,0,0,,0,0
1,11.05117,1,,9.476768,3.5,3349.5,0,0,0,,1,0,,0,0,0,0,0,,0,0,0,0,,0,0
1,11.10182,1,,9.476768,3.5,3363.5,0,0,0,,1,0,,0,0,0,0,0,,0,0,0,0,,0,0
