Block,In-Game Time,DifficultyLevel,,CurrentX,CurrentY,CurrentZ,obstacleCarX,obstacleCarY,obstacleCarZ,obstacleRB-X,obstacleRB-Y,obstacleRB-Z,,Points,PassingCar?,PassingRB?,,Carcrash?,CrashCarX,CrashCarY,CrashCarZ,totalCarCrash,,RBCrash?,CrashRB-X,CrashRB-Y,CrashRB-Z,totalRBCrash,,CarSpawned?,SpawnCarX,SpawnCarY,SpawnCarZ,RBSpawned?,SpawnRB-X,SpawnRB-Y,SpawnRB-Z,,LeftButtonDown,RightButtonDown
0,0,0,,0,0,0,0,0,0,0,0,0,,0,0,0,,0,0,0,0,0,,0,0,0,0,0,,1,0,3.5,-35,0,0,0,0,,0,0
0,0,0,,0,0,0,0,0,0,0,0,0,,0,0,0,,0,0,0,0,0,,0,0,0,0,0,,1,-60,3.5,-35,0,0,0,0,,0,0
0,0,0,,0,0,0,0,0,0,0,0,0,,0,0,0,,0,0,0,0,0,,0,0,0,0,0,,0,0,0,0,0,0,0,0,,0,0
0,0,0,,0,0,0,0,0,0,0,0,0,,0,0,0,,0,0,0,0,0,,0,0,0,0,0,,0,0,0,0,0,0,0,0,,0,0
0,0,0,,0,0,0,0,0,0,0,0,0,,0,0,0,,0,0,0,0,0,,0,0,0,0,0,,0,0,0,0,0,0,0,0,,0,0
0,0,0,,0,0,0,0,0,0,0,0,0,,0,0,0,,0,0,0,0,0,,0,0,0,0,0,,0,0,0,0,0,0,0,0,,0,0
0,0,0,,0,0,0,0,0,0,0,0,0,,0,0,0,,0,0,0,0,0,,0,0,0,0,0,,0,0,0,0,0,0,0,0,,0,0
0,0,0,,0,0,0,0,0,0,0,0,0,,0,0,0,,0,0,0,0,0,,0,0,0,0,0,,0,0,0,0,0,0,0,0,,0,0
0,0,0,,0,0,0,0,0,0,0,0,0,,0,0,0,,0,0,0,0,0,,0,0,0,0,0,,0,0,0,0,0,0,0,0,,0,0
0,0,0,,0,0,0,0,0,0,0,0,0,,0,0,0,,0,0,0,0,0,,0,0,0,0,0,,0,0,0,0,0,0,0,0,,0,0
0,0,0,,0,0,0,0,0,0,0,0,0,,0,0,0,,0,0,0,0,0,,0,0,0,0,0,,0,0,0,0,0,0,0,0,,0,0
0,0,0,,0,0,0,0,0,0,0,0,0,,0,0,0,,0,0,0,0,0,,0,0,0,0,0,,0,0,0,0,0,0,0,0,,0,0
0,0,0,,0,0,0,0,0,0,0,0,0,,0,0,0,,0,0,0,0,0,,0,0,0,0,0,,0,0,0,0,0,0,0,0,,0,0
0,0,0,,0,0,0,0,0,0,0,0,0,,0,0,0,,0,0,0,0,0,,0,0,0,0,0,,0,0,0,0,0,0,0,0,,0,0
0,0,0,,0,0,0,0,0,0,0,0,0,,0,0,0,,0,0,0,0,0,,0,0,0,0,0,,0,0,0,0,0,0,0,0,,0,0
0,0,0,,0,0,0,0,0,0,0,0,0,,0,0,0,,0,0,0,0,0,,0,0,0,0,0,,0,0,0,0,0,0,0,0,,0,0
0,0,0,,0,0,0,0,0,0,0,0,0,,0,0,0,,0,0,0,0,0,,0,0,0,0,0,,0,0,0,0,0,0,0,0,,0,0
0,0,0,,0,0,0,0,0,0,0,0,0,,0,0,0,,0,0,0,0,0,,0,0,0,0,0,,0,0,0,0,0,0,0,0,,0,0
0,0,0,,0,0,0,0,0,0,0,0,0,,0,0,0,,0,0,0,0,0,,0,0,0,0,0,,0,0,0,0,0,0,0,0,,0,0
0,0,0,,0,0,0,0,0,0,0,0,0,,0,0,0,,0,0,0,0,0,,0,0,0,0,0,,0,0,0,0,0,0,0,0,,0,0
0,0,0,,0,0,0,0,0,0,0,0,0,,0,0,0,,0,0,0,0,0,,0,0,0,0,0,,0,0,0,0,0,0,0,0,,0,0
0,0,0,,0,0,0,0,0,0,0,0,0,,0,0,0,,0,0,0,0,0,,0,0,0,0,0,,0,0,0,0,0,0,0,0,,0,0
0,0,0,,0,0,0,0,0,0,0,0,0,,0,0,0,,0,0,0,0,0,,0,0,0,0,0,,0,0,0,0,0,0,0,0,,0,0
0,0,0,,0,0,0,0,0,0,0,0,0,,0,0,0,,0,0,0,0,0,,0,0,0,0,0,,0,0,0,0,0,0,0,0,,0,0
0,0,0,,0,0,0,0,0,0,0,0,0,,0,0,0,,0,0,0,0,0,,0,0,0,0,0,,0,0,0,0,0,0,0,0,,0,0
0,0,0,,0,0,0,0,0,0,0,0,0,,0,0,0,,0,0,0,0,0,,0,0,0,0,0,,0,0,0,0,0,0,0,0,,0,0
0,0,0,,0,0,0,0,0,0,0,0,0,,0,0,0,,0,0,0,0,0,,0,0,0,0,0,,0,0,0,0,0,0,0,0,,0,0
0,0,0,,0,0,0,0,0,0,0,0,0,,0,0,0,,0,0,0,0,0,,0,0,0,0,0,,0,0,0,0,0,0,0,0,,0,0
0,0,0,,0,0,0,0,0,0,0,0,0,,0,0,0,,0,0,0,0,0,,0,0,0,0,0,,0,0,0,0,0,0,0,0,,0,0
0,0,0,,0,0,0,0,0,0,0,0,0,,0,0,0,,0,0,0,0,0,,0,0,0,0,0,,0,0,0,0,0,0,0,0,,0,0
0,0,0,,0,0,0,0,0,0,0,0,0,,0,0,0,,0,0,0,0,0,,0,0,0,0,0,,0,0,0,0,0,0,0,0,,0,0
0,0,0,,0,0,0,0,0,0,0,0,0,,0,0,0,,0,0,0,0,0,,0,0,0,0,0,,0,0,0,0,0,0,0,0,,0,0
0,0,0,,0,0,0,0,0,0,0,0,0,,0,0,0,,0,0,0,0,0,,0,0,0,0,0,,0,0,0,0,0,0,0,0,,0,0
0,0,0,,0,0,0,0,0,0,0,0,0,,0,0,0,,0,0,0,0,0,,0,0,0,0,0,,0,0,0,0,0,0,0,0,,0,0
0,0,0,,0,0,0,0,0,0,0,0,0,,0,0,0,,0,0,0,0,0,,0,0,0,0,0,,0,0,0,0,0,0,0,0,,0,0
0,0,0,,0,0,0,0,0,0,0,0,0,,0,0,0,,0,0,0,0,0,,0,0,0,0,0,,0,0,0,0,0,0,0,0,,0,0
0,0,0,,0,0,0,0,0,0,0,0,0,,0,0,0,,0,0,0,0,0,,0,0,0,0,0,,0,0,0,0,0,0,0,0,,0,0
0,0,0,,0,0,0,0,0,0,0,0,0,,0,0,0,,0,0,0,0,0,,0,0,0,0,0,,0,0,0,0,0,0,0,0,,0,0
0,0,0,,0,0,0,0,0,0,0,0,0,,0,0,0,,0,0,0,0,0,,0,0,0,0,0,,0,0,0,0,0,0,0,0,,0,0
0,0,0,,0,0,0,0,0,0,0,0,0,,0,0,0,,0,0,0,0,0,,0,0,0,0,0,,0,0,0,0,0,0,0,0,,0,0
0,0,0,,0,0,0,0,0,0,0,0,0,,0,0,0,,0,0,0,0,0,,0,0,0,0,0,,0,0,0,0,0,0,0,0,,0,0
0,0,0,,0,0,0,0,0,0,0,0,0,,0,0,0,,0,0,0,0,0,,0,0,0,0,0,,0,0,0,0,0,0,0,0,,0,0
0,0,0,,0,0,0,0,0,0,0,0,0,,0,0,0,,0,0,0,0,0,,0,0,0,0,0,,0,0,0,0,0,0,0,0,,0,0
0,0,0,,0,0,0,0,0,0,0,0,0,,0,0,0,,0,0,0,0,0,,0,0,0,0,0,,0,0,0,0,0,0,0,0,,0,0
0,0,0,,0,0,0,0,0,0,0,0,0,,0,0,0,,0,0,0,0,0,,0,0,0,0,0,,0,0,0,0,0,0,0,0,,0,0
0,0,0,,0,0,0,0,0,0,0,0,0,,0,0,0,,0,0,0,0,0,,0,0,0,0,0,,0,0,0,0,0,0,0,0,,0,0
0,0,0,,0,0,0,0,0,0,0,0,0,,0,0,0,,0,0,0,0,0,,0,0,0,0,0,,0,0,0,0,0,0,0,0,,0,0
0,0,0,,0,0,0,0,0,0,0,0,0,,0,0,0,,0,0,0,0,0,,0,0,0,0,0,,0,0,0,0,0,0,0,0,,0,0
0,0,0,,0,0,0,0,0,0,0,0,0,,0,0,0,,0,0,0,0,0,,0,0,0,0,0,,0,0,0,0,0,0,0,0,,0,0
0,0,0,,0,0,0,0,0,0,0,0,0,,0,0,0,,0,0,0,0,0,,0,0,0,0,0,,0,0,0,0,0,0,0,0,,0,0
0,0,0,,0,0,0,0,0,0,0,0,0,,0,0,0,,0,0,0,0,0,,0,0,0,0,0,,0,0,0,0,0,0,0,0,,0,0
0,0,0,,0,0,0,0,0,0,0,0,0,,0,0,0,,0,0,0,0,0,,0,0,0,0,0,,0,0,0,0,0,0,0,0,,0,0
0,0,0,,0,0,0,0,0,0,0,0,0,,0,0,0,,0,0,0,0,0,,0,0,0,0,0,,0,0,0,0,0,0,0,0,,0,0
0,0,0,,0,0,0,0,0,0,0,0,0,,0,0,0,,0,0,0,0,0,,0,0,0,0,0,,0,0,0,0,0,0,0,0,,0,0
0,0,0,,0,0,0,0,0,0,0,0,0,,0,0,0,,0,0,0,0,0,,0,0,0,0,0,,0,0,0,0,0,0,0,0,,0,0
0,0,0,,0,0,0,0,0,0,0,0,0,,0,0,0,,0,0,0,0,0,,0,0,0,0,0,,0,0,0,0,0,0,0,0,,0,0
0,0,0,,0,0,0,0,0,0,0,0,0,,0,0,0,,0,0,0,0,0,,0,0,0,0,0,,0,0,0,0,0,0,0,0,,0,0
0,0,0,,0,0,0,0,0,0,0,0,0,,0,0,0,,0,0,0,0,0,,0,0,0,0,0,,0,0,0,0,0,0,0,0,,0,0
0,0,0,,0,0,0,0,0,0,0,0,0,,0,0,0,,0,0,0,0,0,,0,0,0,0,0,,0,0,0,0,0,0,0,0,,0,0
0,0,0,,0,0,0,0,0,0,0,0,0,,0,0,0,,0,0,0,0,0,,0,0,0,0,0,,0,0,0,0,0,0,0,0,,0,0
0,0,0,,0,0,0,0,0,0,0,0,0,,0,0,0,,0,0,0,0,0,,0,0,0,0,0,,0,0,0,0,0,0,0,0,,0,0
0,0,0,,0,0,0,0,0,0,0,0,0,,0,0,0,,0,0,0,0,0,,0,0,0,0,0,,0,0,0,0,0,0,0,0,,0,0
0,0,0,,0,0,0,0,0,0,0,0,0,,0,0,0,,0,0,0,0,0,,0,0,0,0,0,,0,0,0,0,0,0,0,0,,0,0
0,0,0,,0,0,0,0,0,0,0,0,0,,0,0,0,,0,0,0,0,0,,0,0,0,0,0,,0,0,0,0,0,0,0,0,,0,0
0,0,0,,0,0,0,0,0,0,0,0,0,,0,0,0,,0,0,0,0,0,,0,0,0,0,0,,0,0,0,0,0,0,0,0,,0,0
0,0,0,,0,0,0,0,0,0,0,0,0,,0,0,0,,0,0,0,0,0,,0,0,0,0,0,,0,0,0,0,0,0,0,0,,0,0
0,0,0,,0,0,0,0,0,0,0,0,0,,0,0,0,,0,0,0,0,0,,0,0,0,0,0,,0,0,0,0,0,0,0,0,,0,0
0,0,0,,0,0,0,0,0,0,0,0,0,,0,0,0,,0,0,0,0,0,,0,0,0,0,0,,0,0,0,0,0,0,0,0,,0,0
0,0,0,,0,0,0,0,0,0,0,0,0,,0,0,0,,0,0,0,0,0,,0,0,0,0,0,,0,0,0,0,0,0,0,0,,0,0
0,0,0,,0,0,0,0,0,0,0,0,0,,0,0,0,,0,0,0,0,0,,0,0,0,0,0,,0,0,0,0,0,0,0,0,,0,0
0,0,0,,0,0,0,0,0,0,0,0,0,,0,0,0,,0,0,0,0,0,,0,0,0,0,0,,0,0,0,0,0,0,0,0,,0,0
0,0,0,,0,0,0,0,0,0,0,0,0,,0,0,0,,0,0,0,0,0,,0,0,0,0,0,,0,0,0,0,0,0,0,0,,0,0
0,0,0,,0,0,0,0,0,0,0,0,0,,0,0,0,,0,0,0,0,0,,0,0,0,0,0,,0,0,0,0,0,0,0,0,,0,0
0,0,0,,0,0,0,0,0,0,0,0,0,,0,0,0,,0,0,0,0,0,,0,0,0,0,0,,0,0,0,0,0,0,0,0,,0,0
0,0,0,,0,0,0,0,0,0,0,0,0,,0,0,0,,0,0,0,0,0,,0,0,0,0,0,,0,0,0,0,0,0,0,0,,0,0
0,0,0,,0,0,0,0,0,0,0,0,0,,0,0,0,,0,0,0,0,0,,0,0,0,0,0,,0,0,0,0,0,0,0,0,,0,0
0,0,0,,0,0,0,0,0,0,0,0,0,,0,0,0,,0,0,0,0,0,,0,0,0,0,0,,0,0,0,0,0,0,0,0,,0,0
0,0,0,,0,0,0,0,0,0,0,0,0,,0,0,0,,0,0,0,0,0,,0,0,0,0,0,,0,0,0,0,0,0,0,0,,0,0
0,0,0,,0,0,0,0,0,0,0,0,0,,0,0,0,,0,0,0,0,0,,0,0,0,0,0,,0,0,0,0,0,0,0,0,,0,0
0,0,0,,0,0,0,0,0,0,0,0,0,,0,0,0,,0,0,0,0,0,,0,0,0,0,0,,0,0,0,0,0,0,0,0,,0,0
0,0,0,,0,0,0,0,0,0,0,0,0,,0,0,0,,0,0,0,0,0,,0,0,0,0,0,,0,0,0,0,0,0,0,0,,0,0
0,0,0,,0,0,0,0,0,0,0,0,0,,0,0,0,,0,0,0,0,0,,0,0,0,0,0,,0,0,0,0,0,0,0,0,,0,0
0,0,0,,0,0,0,0,0,0,0,0,0,,0,0,0,,0,0,0,0,0,,0,0,0,0,0,,0,0,0,0,0,0,0,0,,0,0
0,0,0,,0,0,0,0,0,0,0,0,0,,0,0,0,,0,0,0,0,0,,0,0,0,0,0,,0,0,0,0,0,0,0,0,,0,0
0,0,0,,0,0,0,0,0,0,0,0,0,,0,0,0,,0,0,0,0,0,,0,0,0,0,0,,0,0,0,0,0,0,0,0,,0,0
0,0,0,,0,0,0,0,0,0,0,0,0,,0,0,0,,0,0,0,0,0,,0,0,0,0,0,,0,0,0,0,0,0,0,0,,0,0
0,0,0,,0,0,0,0,0,0,0,0,0,,0,0,0,,0,0,0,0,0,,0,0,0,0,0,,0,0,0,0,0,0,0,0,,0,0
0,0,0,,0,0,0,0,0,0,0,0,0,,0,0,0,,0,0,0,0,0,,0,0,0,0,0,,0,0,0,0,0,0,0,0,,0,0
0,0,0,,0,0,0,0,0,0,0,0,0,,0,0,0,,0,0,0,0,0,,0,0,0,0,0,,0,0,0,0,0,0,0,0,,0,0
0,0,0,,0,0,0,0,0,0,0,0,0,,0,0,0,,0,0,0,0,0,,0,0,0,0,0,,0,0,0,0,0,0,0,0,,0,0
0,0,0,,0,0,0,0,0,0,0,0,0,,0,0,0,,0,0,0,0,0,,0,0,0,0,0,,0,0,0,0,0,0,0,0,,0,0
0,0,0,,0,0,0,0,0,0,0,0,0,,0,0,0,,0,0,0,0,0,,0,0,0,0,0,,0,0,0,0,0,0,0,0,,0,0
0,0,0,,0,0,0,0,0,0,0,0,0,,0,0,0,,0,0,0,0,0,,0,0,0,0,0,,0,0,0,0,0,0,0,0,,0,0
0,0,0,,0,0,0,0,0,0,0,0,0,,0,0,0,,0,0,0,0,0,,0,0,0,0,0,,0,0,0,0,0,0,0,0,,0,0
0,0,0,,0,0,0,0,0,0,0,0,0,,0,0,0,,0,0,0,0,0,,0,0,0,0,0,,0,0,0,0,0,0,0,0,,0,0
0,0,0,,0,0,0,0,0,0,0,0,0,,0,0,0,,0,0,0,0,0,,0,0,0,0,0,,0,0,0,0,0,0,0,0,,0,0
0,0,0,,0,0,0,0,0,0,0,0,0,,0,0,0,,0,0,0,0,0,,0,0,0,0,0,,0,0,0,0,0,0,0,0,,0,0
0,0,0,,0,0,0,0,0,0,0,0,0,,0,0,0,,0,0,0,0,0,,0,0,0,0,0,,0,0,0,0,0,0,0,0,,0,0
0,0,0,,0,0,0,0,0,0,0,0,0,,0,0,0,,0,0,0,0,0,,0,0,0,0,0,,0,0,0,0,0,0,0,0,,0,0
0,0,0,,0,0,0,0,0,0,0,0,0,,0,0,0,,0,0,0,0,0,,0,0,0,0,0,,0,0,0,0,0,0,0,0,,0,0
0,0,0,,0,0,0,0,0,0,0,0,0,,0,0,0,,0,0,0,0,0,,0,0,0,0,0,,0,0,0,0,0,0,0,0,,0,0
0,0,0,,0,0,0,0,0,0,0,0,0,,0,0,0,,0,0,0,0,0,,0,0,0,0,0,,0,0,0,0,0,0,0,0,,0,0
0,0,0,,0,0,0,0,0,0,0,0,0,,0,0,0,,0,0,0,0,0,,0,0,0,0,0,,0,0,0,0,0,0,0,0,,0,0
0,0,0,,0,0,0,0,0,0,0,0,0,,0,0,0,,0,0,0,0,0,,0,0,0,0,0,,0,0,0,0,0,0,0,0,,0,0
0,0,0,,0,0,0,0,0,0,0,0,0,,0,0,0,,0,0,0,0,0,,0,0,0,0,0,,0,0,0,0,0,0,0,0,,0,0
0,0,0,,0,0,0,0,0,0,0,0,0,,0,0,0,,0,0,0,0,0,,0,0,0,0,0,,0,0,0,0,0,0,0,0,,0,0
0,0,0,,0,0,0,0,0,0,0,0,0,,0,0,0,,0,0,0,0,0,,0,0,0,0,0,,0,0,0,0,0,0,0,0,,0,0
0,0,0,,0,0,0,0,0,0,0,0,0,,0,0,0,,0,0,0,0,0,,0,0,0,0,0,,0,0,0,0,0,0,0,0,,0,0
0,0,0,,0,0,0,0,0,0,0,0,0,,0,0,0,,0,0,0,0,0,,0,0,0,0,0,,0,0,0,0,0,0,0,0,,0,0
0,0,0,,0,0,0,0,0,0,0,0,0,,0,0,0,,0,0,0,0,0,,0,0,0,0,0,,0,0,0,0,0,0,0,0,,0,0
0,0,0,,0,0,0,0,0,0,0,0,0,,0,0,0,,0,0,0,0,0,,0,0,0,0,0,,0,0,0,0,0,0,0,0,,0,0
0,0,0,,0,0,0,0,0,0,0,0,0,,0,0,0,,0,0,0,0,0,,0,0,0,0,0,,0,0,0,0,0,0,0,0,,0,0
0,0,0,,0,0,0,0,0,0,0,0,0,,0,0,0,,0,0,0,0,0,,0,0,0,0,0,,0,0,0,0,0,0,0,0,,0,0
0,0,0,,0,0,0,0,0,0,0,0,0,,0,0,0,,0,0,0,0,0,,0,0,0,0,0,,0,0,0,0,0,0,0,0,,0,0
0,0,0,,0,0,0,0,0,0,0,0,0,,0,0,0,,0,0,0,0,0,,0,0,0,0,0,,0,0,0,0,0,0,0,0,,0,0
0,0,0,,0,0,0,0,0,0,0,0,0,,0,0,0,,0,0,0,0,0,,0,0,0,0,0,,0,0,0,0,0,0,0,0,,0,0
0,0,0,,0,0,0,0,0,0,0,0,0,,0,0,0,,0,0,0,0,0,,0,0,0,0,0,,0,0,0,0,0,0,0,0,,0,0
0,0,0,,0,0,0,0,0,0,0,0,0,,0,0,0,,0,0,0,0,0,,0,0,0,0,0,,0,0,0,0,0,0,0,0,,0,0
0,0,0,,0,0,0,0,0,0,0,0,0,,0,0,0,,0,0,0,0,0,,0,0,0,0,0,,0,0,0,0,0,0,0,0,,0,0
0,0,0,,0,0,0,0,0,0,0,0,0,,0,0,0,,0,0,0,0,0,,0,0,0,0,0,,0,0,0,0,0,0,0,0,,0,0
0,0,0,,0,0,0,0,0,0,0,0,0,,0,0,0,,0,0,0,0,0,,0,0,0,0,0,,0,0,0,0,0,0,0,0,,0,0
0,0,0,,0,0,0,0,0,0,0,0,0,,0,0,0,,0,0,0,0,0,,0,0,0,0,0,,0,0,0,0,0,0,0,0,,0,0
0,0,0,,0,0,0,0,0,0,0,0,0,,0,0,0,,0,0,0,0,0,,0,0,0,0,0,,0,0,0,0,0,0,0,0,,0,0
0,0,0,,0,0,0,0,0,0,0,0,0,,0,0,0,,0,0,0,0,0,,0,0,0,0,0,,0,0,0,0,0,0,0,0,,0,0
0,0,0,,0,0,0,0,0,0,0,0,0,,0,0,0,,0,0,0,0,0,,0,0,0,0,0,,0,0,0,0,0,0,0,0,,0,0
0,0,0,,0,0,0,0,0,0,0,0,0,,0,0,0,,0,0,0,0,0,,0,0,0,0,0,,0,0,0,0,0,0,0,0,,0,0
0,0,0,,0,0,0,0,0,0,0,0,0,,0,0,0,,0,0,0,0,0,,0,0,0,0,0,,0,0,0,0,0,0,0,0,,0,0
0,0,0,,0,0,0,0,0,0,0,0,0,,0,0,0,,0,0,0,0,0,,0,0,0,0,0,,0,0,0,0,0,0,0,0,,0,0
0,0,0,,0,0,0,0,0,0,0,0,0,,0,0,0,,0,0,0,0,0,,0,0,0,0,0,,0,0,0,0,0,0,0,0,,0,0
0,0,0,,0,0,0,0,0,0,0,0,0,,0,0,0,,0,0,0,0,0,,0,0,0,0,0,,0,0,0,0,0,0,0,0,,0,0
0,0,0,,0,0,0,0,0,0,0,0,0,,0,0,0,,0,0,0,0,0,,0,0,0,0,0,,0,0,0,0,0,0,0,0,,0,0
0,0,0,,0,0,0,0,0,0,0,0,0,,0,0,0,,0,0,0,0,0,,0,0,0,0,0,,0,0,0,0,0,0,0,0,,0,0
0,0,0,,0,0,0,0,0,0,0,0,0,,0,0,0,,0,0,0,0,0,,0,0,0,0,0,,0,0,0,0,0,0,0,0,,0,0
0,0,0,,0,0,0,0,0,0,0,0,0,,0,0,0,,0,0,0,0,0,,0,0,0,0,0,,0,0,0,0,0,0,0,0,,0,0
0,0,0,,0,0,0,0,0,0,0,0,0,,0,0,0,,0,0,0,0,0,,0,0,0,0,0,,0,0,0,0,0,0,0,0,,0,0
0,0,0,,0,0,0,0,0,0,0,0,0,,0,0,0,,0,0,0,0,0,,0,0,0,0,0,,0,0,0,0,0,0,0,0,,0,0
0,0,0,,0,0,0,0,0,0,0,0,0,,0,0,0,,0,0,0,0,0,,0,0,0,0,0,,0,0,0,0,0,0,0,0,,0,0
0,0,0,,0,0,0,0,0,0,0,0,0,,0,0,0,,0,0,0,0,0,,0,0,0,0,0,,0,0,0,0,0,0,0,0,,0,0
0,0,0,,0,0,0,0,0,0,0,0,0,,0,0,0,,0,0,0,0,0,,0,0,0,0,0,,0,0,0,0,0,0,0,0,,0,0
0,0,0,,0,0,0,0,0,0,0,0,0,,0,0,0,,0,0,0,0,0,,0,0,0,0,0,,0,0,0,0,0,0,0,0,,0,0
0,0,0,,0,0,0,0,0,0,0,0,0,,0,0,0,,0,0,0,0,0,,0,0,0,0,0,,0,0,0,0,0,0,0,0,,0,0
0,0,0,,0,0,0,0,0,0,0,0,0,,0,0,0,,0,0,0,0,0,,0,0,0,0,0,,0,0,0,0,0,0,0,0,,0,0
0,0,0,,0,0,0,0,0,0,0,0,0,,0,0,0,,0,0,0,0,0,,0,0,0,0,0,,0,0,0,0,0,0,0,0,,0,0
0,0,0,,0,0,0,0,0,0,0,0,0,,0,0,0,,0,0,0,0,0,,0,0,0,0,0,,0,0,0,0,0,0,0,0,,0,0
0,0,0,,0,0,0,0,0,0,0,0,0,,0,0,0,,0,0,0,0,0,,0,0,0,0,0,,0,0,0,0,0,0,0,0,,0,0
1,0.02130131,1,,0,3.5,0,0,0,0,0,0,0,,0,0,0,,0,0,0,0,0,,0,0,0,0,0,,0,0,0,0,0,0,0,0,,0,0
1,0.06271788,1,,0,3.5,0.14,0,0,0,0,0,0,,0,0,0,,0,0,0,0,0,,0,0,0,0,0,,0,0,0,0,0,0,0,0,,0,0
1,0.1005723,1,,0,3.5,0.4666666,0,0,0,0,0,0,,0,0,0,,0,0,0,0,0,,0,0,0,0,0,,0,0,0,0,0,0,0,0,,0,0
1,0.1320062,1,,0,3.5,0.7,0,0,0,0,0,0,,0,0,0,,0,0,0,0,0,,0,0,0,0,0,,0,0,0,0,0,0,0,0,,0,0
1,0.1666017,1,,0,3.5,1.306667,0,0,0,0,0,0,,0,0,0,,0,0,0,0,0,,0,0,0,0,0,,0,0,0,0,0,0,0,0,,0,0
1,0.1961259,1,,0,3.5,1.68,0,0,0,0,0,0,,0,0,0,,0,0,0,0,0,,0,0,0,0,0,,0,0,0,0,0,0,0,0,,0,0
1,0.2256688,1,,0,3.5,2.566667,0,0,0,0,0,0,,0,0,0,,0,0,0,0,0,,0,0,0,0,0,,0,0,0,0,0,0,0,0,,0,0
1,0.2554166,1,,0,3.5,3.08,0,0,0,0,0,0,,0,0,0,,0,0,0,0,0,,0,0,0,0,0,,0,0,0,0,0,0,0,0,,0,0
1,0.2870957,1,,0,3.5,4.246666,0,0,0,0,0,0,,0,0,0,,0,0,0,0,0,,0,0,0,0,0,,0,0,0,0,0,0,0,0,,0,0
1,0.3187709,1,,0,3.5,5.6,0,0,0,0,0,0,,0,0,0,,0,0,0,0,0,,0,0,0,0,0,,0,0,0,0,0,0,0,0,,0,0
1,0.3490699,1,,0,3.5,6.346667,0,0,0,0,0,0,,0,0,0,,0,0,0,0,0,,0,0,0,0,0,,0,0,0,0,0,0,0,0,,0,0
1,0.3932036,1,,0,3.5,7.98,0,0,0,0,0,0,,0,0,0,,0,0,0,0,0,,0,0,0,0,0,,0,0,0,0,0,0,0,0,,0,0
1,0.4225566,1,,0,3.5,9.800001,0,0,0,0,0,0,,0,0,0,,0,0,0,0,0,,0,0,0,0,0,,0,0,0,0,0,0,0,0,,0,0
1,0.4535844,1,,0,3.5,10.78,0,0,0,0,0,0,,0,0,0,,0,0,0,0,0,,0,0,0,0,0,,0,0,0,0,0,0,0,0,,0,0
1,0.4828541,1,,0,3.5,12.88,0,0,0,0,0,0,,0,0,0,,0,0,0,0,0,,0,0,0,0,0,,0,0,0,0,0,0,0,0,,0,0
1,0.5134038,1,,0,3.5,14,0,0,0,0,0,0,,0,0,0,,0,0,0,0,0,,0,0,0,0,0,,0,0,0,0,0,0,0,0,,0,0
1,0.546418,1,,0,3.5,16.38,0,0,0,0,0,0,,0,0,0,,0,0,0,0,0,,0,0,0,0,0,,0,0,0,0,0,0,0,0,,0,0
1,0.5808226,1,,0,3.5,18.94667,0,0,0,0,0,0,,0,0,0,,0,0,0,0,0,,0,0,0,0,0,,0,0,0,0,0,0,0,0,,0,0
1,0.6138538,1,,0,3.5,20.3,0,0,0,0,0,0,,0,0,0,,0,0,0,0,0,,0,0,0,0,0,,0,0,0,0,0,0,0,0,,0,0
1,0.6446186,1,,0,3.5,23.14667,0,0,0,0,0,0,,0,0,0,,0,0,0,0,0,,0,0,0,0,0,,0,0,0,0,0,0,0,0,,0,0
1,0.6774233,1,,0,3.5,26.18,0,0,0,0,0,0,,0,0,0,,0,0,0,0,0,,0,0,0,0,0,,0,0,0,0,0,0,0,0,,0,0
1,0.7089058,1,,0,3.5,27.76667,0,0,0,0,0,0,,0,0,0,,0,0,0,0,0,,0,0,0,0,0,,0,0,0,0,0,0,0,0,,0,0
1,0.7386003,1,,0,3.5,31.08,0,0,0,0,0,0,,0,0,0,,0,0,0,0,0,,0,0,0,0,0,,0,0,0,0,0,0,0,0,,0,0
1,0.7698396,1,,0,3.5,32.80667,0,0,0,0,0,0,,0,0,0,,0,0,0,0,0,,0,0,0,0,0,,0,0,0,0,0,0,0,0,,0,0
1,0.7994292,1,,0,3.5,36.4,0,0,0,0,0,0,,0,0,0,,0,0,0,0,0,,0,0,0,0,0,,0,0,0,0,0,0,0,0,,0,0
1,0.829774,1,,0,3.5,38.26667,0,0,0,0,0,0,,0,0,0,,0,0,0,0,0,,0,0,0,0,0,,0,0,0,0,0,0,0,0,,0,0
1,0.8638568,1,,0,3.5,42.14,0,0,0,0,0,0,,0,0,0,,0,0,0,0,0,,0,0,0,0,0,,0,0,0,0,0,0,0,0,,1,0
1,0.8993796,1,,-0.61349,3.5,46.2,0,0,0,0,0,0,,0,0,0,,0,0,0,0,0,,0,0,0,0,0,,0,0,0,0,0,0,0,0,,1,0
1,0.9306815,1,,-1.86639,3.5,48.3,0,0,0,0,0,0,,0,0,0,,0,0,0,0,0,,0,0,0,0,0,,0,0,0,0,0,0,0,0,,1,0
1,0.9597135,1,,-3.682725,3.5,52.64,0,0,0,0,0,0,,0,0,0,,0,0,0,0,0,,0,0,0,0,0,,0,0,0,0,0,0,0,0,,1,0
1,0.9897364,1,,-6.021636,3.5,54.87999,0,0,0,0,0,0,,0,0,0,,0,0,0,0,0,,0,0,0,0,0,,0,0,0,0,0,0,0,0,,1,0
1,1.020567,1,,-8.90096,3.5,59.49999,0,0,0,0,0,0,,0,0,0,,0,0,0,0,0,,0,0,0,0,0,,0,0,0,0,0,0,0,0,,1,0
1,1.058022,1,,-12.33523,3.5,64.30666,0,0,0,0,0,0,,0,0,0,,0,0,0,0,0,,0,0,0,0,0,,0,0,0,0,0,0,0,0,,1,0
1,1.098851,1,,-16.44369,3.5,69.29999,0,0,0,0,0,0,,0,0,0,,0,0,0,0,0,,0,0,0,0,0,,0,0,0,0,0,0,0,0,,1,0
1,1.134582,1,,-21.28707,3.5,71.86665,0,0,0,0,0,0,,0,0,0,,0,0,0,0,0,,0,0,0,0,0,,0,0,0,0,0,0,0,0,,1,0
1,1.165584,1,,-26.77362,3.5,77.13998,0,0,0,0,0,0,,0,0,0,,0,0,0,0,0,,0,0,0,0,0,,0,0,0,0,0,0,0,0,,1,0
1,1.198734,1,,-32.77362,3.5,82.59998,0,0,0,0,0,0,,0,0,0,,0,0,0,0,0,,0,0,0,0,0,,0,0,0,0,0,0,0,0,,1,0
1,1.233052,1,,-38.77362,3.5,85.39998,0,0,0,0,0,0,,0,0,0,,0,0,0,0,0,,0,0,0,0,0,,0,0,0,0,0,0,0,0,,1,0
1,1.265691,1,,-44.77362,3.5,91.13998,0,0,0,0,0,0,,0,0,0,,0,0,0,0,0,,0,0,0,0,0,,0,0,0,0,0,0,0,0,,1,0
1,1.297835,1,,-50,3.5,97.06664,0,0,0,0,0,0,,0,0,0,,0,0,0,0,0,,0,0,0,0,0,,0,0,0,0,0,0,0,0,,1,0
1,1.328076,1,,-50,3.5,100.1,0,0,0,0,0,0,,0,0,0,,0,0,0,0,0,,0,0,0,0,0,,0,0,0,0,0,0,0,0,,1,0
1,1.358464,1,,-50,3.5,106.3066,0,0,0,0,0,0,,0,0,0,,0,0,0,0,0,,0,0,0,0,0,,0,0,0,0,0,0,0,0,,1,0
1,1.388405,1,,-50,3.5,109.48,0,0,0,0,0,0,,0,0,0,,0,0,0,0,0,,0,0,0,0,0,,0,0,0,0,0,0,0,0,,1,0
1,1.421321,1,,-50,3.5,115.9666,0,0,0,0,0,0,,0,0,0,,0,0,0,0,0,,0,0,0,0,0,,0,0,0,0,0,0,0,0,,1,0
1,1.455506,1,,-50,3.5,119.28,0,0,0,0,0,0,,0,0,0,,0,0,0,0,0,,0,0,0,0,0,,0,0,0,0,0,0,0,0,,1,0
1,1.487313,1,,-50,3.5,126.0466,0,0,0,0,0,0,,0,0,0,,0,0,0,0,0,,0,0,0,0,0,,0,0,0,0,0,0,0,0,,0,0
1,1.521531,1,,-50,3.5,133,0,0,0,0,0,0,,0,0,0,,0,0,0,0,0,,0,0,0,0,0,,0,0,0,0,0,0,0,0,,0,0
1,1.557964,1,,-50,3.5,140.14,0,0,0,0,0,0,,0,0,0,,0,0,0,0,0,,0,0,0,0,0,,0,0,0,0,0,0,0,0,,0,0
1,1.601196,1,,-50,3.5,147.4666,0,0,0,0,0,0,,0,0,0,,0,0,0,0,0,,0,0,0,0,0,,0,0,0,0,0,0,0,0,,0,1
1,1.639144,1,,-50,3.5,154.9799,0,0,0,0,0,0,,0,0,0,,0,0,0,0,0,,0,0,0,0,0,,0,0,0,0,0,0,0,0,,0,1
1,1.675279,1,,-49.31694,3.5,158.8066,0,0,0,0,0,0,,0,0,0,,0,0,0,0,0,,0,0,0,0,0,,0,0,0,0,0,0,0,0,,0,1
1,1.705672,1,,-47.98343,3.5,166.5999,0,0,0,0,0,0,,0,0,0,,0,0,0,0,0,,0,0,0,0,0,,0,0,0,0,0,0,0,0,,0,1
1,1.736326,1,,-46.10286,3.5,170.5666,0,0,0,0,0,0,,0,0,0,,0,0,0,0,0,,0,0,0,0,0,,0,0,0,0,0,0,0,0,,0,1
1,1.77965,1,,-43.67052,3.5,182.7466,0,0,0,0,0,0,,0,0,0,,0,0,0,0,0,,0,0,0,0,0,,0,0,0,0,0,0,0,0,,0,1
1,1.809616,1,,-40.45835,3.5,186.8999,0,0,0,0,0,0,,0,0,0,,0,0,0,0,0,,0,0,0,0,0,,0,0,0,0,0,0,0,0,,0,1
1,1.840831,1,,-36.70679,3.5,195.3466,0,0,0,0,0,0,,0,0,0,,0,0,0,0,0,,0,0,0,0,0,,0,0,0,0,0,0,0,0,,0,1
1,1.870763,1,,-32.39336,3.5,199.6399,0,0,0,0,0,0,,0,0,0,,0,0,0,0,0,,0,0,0,0,0,,0,0,0,0,0,0,0,0,,0,1
1,1.900402,1,,-27.54116,3.5,208.3666,0,0,0,0,0,0,,0,0,0,,0,0,0,0,0,,0,0,0,0,0,,0,0,0,0,0,0,0,0,,0,1
1,1.932094,1,,-22.15544,3.5,212.7999,0,0,0,0,0,0,,0,0,0,,0,0,0,0,0,,0,0,0,0,0,,0,0,0,0,0,0,0,0,,0,1
1,1.962274,1,,-16.19927,3.5,221.8066,0,0,0,0,0,0,,0,0,0,,0,0,0,0,0,,0,0,0,0,0,,0,0,0,0,0,0,0,0,,0,1
1,1.994838,1,,-10.19927,3.5,226.3799,0,0,0,0,0,0,,0,0,0,,0,0,0,0,0,,0,0,0,0,0,,0,0,0,0,0,0,0,0,,0,1
1,2.025379,1,,-4.199272,3.5,235.6665,0,0,0,0,0,0,,0,0,0,,0,0,0,0,0,,0,0,0,0,0,,0,0,0,0,0,0,0,0,,0,1
1,2.05553,1,,1.800728,3.5,240.3799,0,0,0,0,0,0,,0,0,0,,0,0,0,0,0,,0,0,0,0,0,,0,0,0,0,0,0,0,0,,0,1
1,2.085624,1,,7.800728,3.5,249.9465,0,0,0,0,0,0,,0,0,0,,0,0,0,0,0,,0,0,0,0,0,,0,0,0,0,0,0,0,0,,0,1
1,2.119959,1,,13.80073,3.5,259.6999,0,0,0,0,0,0,,0,0,0,,0,0,0,0,0,,0,0,0,0,0,,0,0,0,0,0,0,0,0,,0,1
1,2.152804,1,,19.80073,3.5,264.6465,0,0,0,0,0,0,,0,0,0,,0,0,0,0,0,,0,0,0,0,0,,0,0,0,0,0,0,0,0,,0,1
1,2.195414,1,,25.80073,3.5,274.6798,0,0,0,0,0,0,,0,0,0,,0,0,0,0,0,,0,0,0,0,0,,0,0,0,0,0,0,0,0,,0,1
1,2.222456,1,,31.80073,3.5,284.8998,0,0,0,0,0,0,,0,0,0,,0,0,0,0,0,,0,0,0,0,0,,0,0,0,0,0,0,0,0,,0,1
1,2.258886,1,,37.80073,3.5,295.3065,0,0,0,0,0,0,,0,0,0,,0,0,0,0,0,,0,0,0,0,0,,0,0,0,0,0,0,0,0,,0,1
1,2.290892,1,,43.80073,3.5,300.5798,0,0,0,0,0,0,,0,0,0,,0,0,0,0,0,,0,0,0,0,0,,0,0,0,0,0,0,0,0,,0,1
1,2.322881,1,,49.80073,3.5,311.2665,0,0,0,0,0,0,,0,0,0,,0,0,0,0,0,,0,0,0,0,0,,0,0,0,0,0,0,0,0,,0,1
1,2.354542,1,,50,3.5,316.6798,0,0,0,0,0,0,,0,0,0,,0,0,0,0,0,,0,0,0,0,0,,0,0,0,0,0,0,0,0,,0,1
1,2.390898,1,,50,3.5,327.6465,0,0,0,0,0,0,,0,0,0,,0,0,0,0,0,,0,0,0,0,0,,0,0,0,0,0,0,0,0,,1,0
1,2.424775,1,,50,3.5,338.7998,0,0,0,0,0,0,,0,0,0,,0,0,0,0,0,,0,0,0,0,0,,0,0,0,0,0,0,0,0,,1,0
1,2.455074,1,,49.39022,3.5,344.4464,0,0,0,0,0,0,,0,0,0,,0,0,0,0,0,,0,0,0,0,0,,0,0,0,0,0,0,0,0,,1,0
1,2.485523,1,,48.23505,3.5,355.8798,0,0,0,0,0,0,,0,0,0,,0,0,0,0,0,,0,0,0,0,0,,0,0,0,0,0,0,0,0,,1,0
1,2.515142,1,,46.53181,3.5,361.6664,0,0,0,0,0,0,,0,0,0,,0,0,0,0,0,,0,0,0,0,0,,0,0,0,0,0,0,0,0,,1,0
1,2.544686,1,,44.29542,3.5,373.3798,0,0,0,0,0,0,,0,0,0,,0,0,0,0,0,,0,0,0,0,0,,0,0,0,0,0,0,0,0,,1,0
1,2.576805,1,,41.52724,3.5,385.2798,0,0,0,0,0,0,,0,0,0,,0,0,0,0,0,,0,0,0,0,0,,0,0,0,0,0,0,0,0,,1,0
1,2.609247,1,,38.18092,3.5,391.2997,0,0,0,0,0,0,,0,0,0,,0,0,0,0,0,,0,0,0,0,0,,0,0,0,0,0,0,0,0,,1,0
1,2.644269,1,,34.25063,3.5,403.4797,0,0,0,0,0,0,,0,0,0,,0,0,0,0,0,,0,0,0,0,0,,0,0,0,0,0,0,0,0,,1,0
1,2.677187,1,,29.68996,3.5,415.8464,0,0,0,0,0,0,,0,0,0,,0,0,0,0,0,,0,0,0,0,0,,0,0,0,0,0,0,0,0,,1,0
1,2.711347,1,,24.53677,3.5,422.0997,0,0,0,0,0,0,,0,0,0,,0,0,0,0,0,,0,0,0,0,0,,0,0,0,0,0,0,0,0,,1,0
1,2.742037,1,,18.76869,3.5,434.7464,0,0,0,0,0,0,,0,0,0,,0,0,0,0,0,,0,0,0,0,0,,0,0,0,0,0,0,0,0,,1,0
1,2.771913,1,,12.76869,3.5,441.1397,0,0,0,0,0,0,,0,0,0,,0,0,0,0,0,,0,0,0,0,0,,0,0,0,0,0,0,0,0,,1,0
1,2.802964,1,,6.768692,3.5,454.0664,0,0,0,0,0,0,,0,0,0,,0,0,0,0,0,,0,0,0,0,0,,0,0,0,0,0,0,0,0,,1,0
1,2.834217,1,,0.768692,3.5,460.5997,0,0,0,0,0,0,,0,0,0,,0,0,0,0,0,,0,0,0,0,0,,0,0,0,0,0,0,0,0,,1,0
1,2.864383,1,,-5.231308,3.5,473.8063,0,0,0,0,0,0,,0,0,0,,0,0,0,0,0,,0,0,0,0,0,,0,0,0,0,0,0,0,0,,1,0
1,2.895109,1,,-11.23131,3.5,480.4797,0,0,0,0,0,0,,0,0,0,,0,0,0,0,0,,0,0,0,0,0,,0,0,0,0,0,0,0,0,,1,0
1,2.926234,1,,-17.23131,3.5,493.9663,0,0,0,0,0,0,,0,0,0,,0,0,0,0,0,,0,0,0,0,0,,0,0,0,0,0,0,0,0,,1,0
1,2.961967,1,,-23.23131,3.5,507.6396,0,0,0,0,0,0,,0,0,0,,0,0,0,0,0,,0,0,0,0,0,,0,0,0,0,0,0,0,0,,1,0
1,2.995843,1,,-29.23131,3.5,514.5463,0,0,0,0,0,0,,0,0,0,,0,0,0,0,0,,0,0,0,0,0,,0,0,0,0,0,0,0,0,,1,0
1,3.030049,1,,-35.23131,3.5,528.4996,0,0,0,0,0,0,,0,0,0,,0,0,0,0,0,,0,0,0,0,0,,0,0,0,0,0,0,0,0,,1,0
1,3.065763,1,,-41.23131,3.5,542.4996,0,0,0,0,0,0,,0,0,0,,0,0,0,0,0,,0,0,0,0,0,,0,0,0,0,0,0,0,0,,0,1
1,3.114075,1,,-41.23131,3.5,556.4996,0,0,0,0,0,0,,0,0,0,,0,0,0,0,0,,0,0,0,0,0,,0,0,0,0,0,0,0,0,,0,1
1,3.15181,1,,-40.3617,3.5,570.4996,0,0,0,0,0,0,,0,0,0,,0,0,0,0,0,,0,0,0,0,0,,0,0,0,0,0,0,0,0,,0,1
1,3.179765,1,,-38.81287,3.5,584.4996,0,0,0,0,0,0,,0,0,0,,0,0,0,0,0,,0,0,0,0,0,,0,0,0,0,0,0,0,0,,0,1
1,3.214092,1,,-36.76085,3.5,591.4996,0,0,0,0,0,0,,0,0,0,,0,0,0,0,0,,0,0,0,0,0,,0,0,0,0,0,0,0,0,,0,1
1,3.245341,1,,-34.09093,3.5,605.4996,0,0,0,0,0,0,,0,0,0,,0,0,0,0,0,,0,0,0,0,0,,0,0,0,0,0,0,0,0,,0,1
1,3.289786,1,,-30.85853,3.5,619.4996,0,0,0,0,0,0,,0,0,0,,0,0,0,0,0,,0,0,0,0,0,,0,0,0,0,0,0,0,0,,0,0
1,3.33845,1,,-28.42613,3.5,640.4996,0,0,0,0,0,0,,0,0,0,,0,0,0,0,0,,0,0,0,0,0,,0,0,0,0,0,0,0,0,,0,0
1,3.33845,1,,-28.42613,3.5,640.4996,0,0,0,0,0,0,,0,0,0,,0,0,0,0,0,,0,0,0,0,0,,1,60,3.5,1605.5,0,0,0,0,,0,0
1,3.33845,1,,-28.42613,3.5,640.4996,0,0,0,0,0,0,,0,0,0,,0,0,0,0,0,,0,0,0,0,0,,1,0,3.5,2605.5,0,0,0,0,,0,0
1,3.382804,1,,-26.86969,3.5,654.4996,0,0,0,0,0,0,,0,0,0,,0,0,0,0,0,,0,0,0,0,0,,0,0,0,0,0,0,0,0,,0,0
1,3.469573,1,,-26.11161,3.5,682.4996,0,0,0,0,0,0,,0,0,0,,0,0,0,0,0,,0,0,0,0,0,,0,0,0,0,0,0,0,0,,0,0
1,3.510427,1,,-26.11161,3.5,696.4996,0,0,0,0,0,0,,0,0,0,,0,0,0,0,0,,0,0,0,0,0,,0,0,0,0,0,0,0,0,,0,0
1,3.551197,1,,-26.11161,3.5,710.4996,0,0,0,0,0,0,,0,0,0,,0,0,0,0,0,,0,0,0,0,0,,0,0,0,0,0,0,0,0,,0,0
1,3.584972,1,,-26.11161,3.5,724.4996,0,0,0,0,0,0,,0,0,0,,0,0,0,0,0,,0,0,0,0,0,,0,0,0,0,0,0,0,0,,0,0
1,3.618332,1,,-26.11161,3.5,738.4996,0,0,0,0,0,0,,0,0,0,,0,0,0,0,0,,0,0,0,0,0,,0,0,0,0,0,0,0,0,,0,0
1,3.658112,1,,-26.11161,3.5,752.4996,0,0,0,0,0,0,,0,0,0,,0,0,0,0,0,,0,0,0,0,0,,0,0,0,0,0,0,0,0,,0,0
1,3.696888,1,,-26.11161,3.5,766.4996,0,0,0,0,0,0,,0,0,0,,0,0,0,0,0,,0,0,0,0,0,,0,0,0,0,0,0,0,0,,0,0
1,3.742103,1,,-26.11161,3.5,780.4996,0,0,0,0,0,0,,0,0,0,,0,0,0,0,0,,0,0,0,0,0,,0,0,0,0,0,0,0,0,,0,0
1,3.781602,1,,-26.11161,3.5,794.4996,0,0,0,0,0,0,,0,0,0,,0,0,0,0,0,,0,0,0,0,0,,0,0,0,0,0,0,0,0,,0,0
1,3.821057,1,,-26.11161,3.5,808.4996,0,0,0,0,0,0,,0,0,0,,0,0,0,0,0,,0,0,0,0,0,,0,0,0,0,0,0,0,0,,0,0
1,3.856157,1,,-26.11161,3.5,815.4996,0,0,0,0,0,0,,0,0,0,,0,0,0,0,0,,0,0,0,0,0,,0,0,0,0,0,0,0,0,,0,0
1,3.889905,1,,-26.11161,3.5,829.4996,0,0,0,0,0,0,,0,0,0,,0,0,0,0,0,,0,0,0,0,0,,0,0,0,0,0,0,0,0,,0,0
1,3.929103,1,,-26.11161,3.5,843.4996,0,0,0,0,0,0,,0,0,0,,0,0,0,0,0,,0,0,0,0,0,,0,0,0,0,0,0,0,0,,0,0
1,3.969789,1,,-26.11161,3.5,857.4996,0,0,0,0,0,0,,0,0,0,,0,0,0,0,0,,0,0,0,0,0,,0,0,0,0,0,0,0,0,,0,0
1,4.012361,1,,-26.11161,3.5,871.4996,0,0,0,0,0,0,,0,0,0,,0,0,0,0,0,,0,0,0,0,0,,0,0,0,0,0,0,0,0,,0,0
1,4.075536,1,,-26.11161,3.5,892.4996,0,0,0,0,0,0,,0,0,0,,0,0,0,0,0,,0,0,0,0,0,,0,0,0,0,0,0,0,0,,0,0
1,4.108263,1,,-26.11161,3.5,906.4996,0,0,0,0,0,0,,0,0,0,,0,0,0,0,0,,0,0,0,0,0,,0,0,0,0,0,0,0,0,,0,0
1,4.140771,1,,-26.11161,3.5,920.4996,0,0,0,0,0,0,,0,0,0,,0,0,0,0,0,,0,0,0,0,0,,0,0,0,0,0,0,0,0,,0,0
1,4.177853,1,,-26.11161,3.5,934.4996,0,0,0,0,0,0,,0,0,0,,0,0,0,0,0,,0,0,0,0,0,,0,0,0,0,0,0,0,0,,0,0
1,4.210207,1,,-26.11161,3.5,941.4996,0,0,0,0,0,0,,0,0,0,,0,0,0,0,0,,0,0,0,0,0,,0,0,0,0,0,0,0,0,,0,0
1,4.247775,1,,-26.11161,3.5,955.4996,0,0,0,0,0,0,,0,0,0,,0,0,0,0,0,,0,0,0,0,0,,0,0,0,0,0,0,0,0,,0,0
1,4.288366,1,,-26.11161,3.5,969.4996,0,0,0,0,0,0,,0,0,0,,0,0,0,0,0,,0,0,0,0,0,,0,0,0,0,0,0,0,0,,0,0
1,4.329476,1,,-26.11161,3.5,983.4996,0,0,0,0,0,0,,0,0,0,,0,0,0,0,0,,0,0,0,0,0,,0,0,0,0,0,0,0,0,,0,0
1,4.368875,1,,-26.11161,3.5,997.4996,0,0,0,0,0,0,,0,0,0,,0,0,0,0,0,,0,0,0,0,0,,0,0,0,0,0,0,0,0,,0,0
1,4.409289,1,,-26.11161,3.5,1011.5,0,0,0,0,0,0,,0,0,0,,0,0,0,0,0,,0,0,0,0,0,,0,0,0,0,0,0,0,0,,0,0
1,4.443304,1,,-26.11161,3.5,1025.5,0,0,0,0,0,0,,0,0,0,,0,0,0,0,0,,0,0,0,0,0,,0,0,0,0,0,0,0,0,,0,0
1,4.484684,1,,-26.11161,3.5,1039.5,0,0,0,0,0,0,,0,0,0,,0,0,0,0,0,,0,0,0,0,0,,0,0,0,0,0,0,0,0,,0,0
1,4.521472,1,,-26.11161,3.5,1053.5,0,0,0,0,0,0,,0,0,0,,0,0,0,0,0,,0,0,0,0,0,,0,0,0,0,0,0,0,0,,0,0
1,4.568297,1,,-26.11161,3.5,1067.5,0,0,0,0,0,0,,0,0,0,,0,0,0,0,0,,0,0,0,0,0,,0,0,0,0,0,0,0,0,,0,0
1,4.6056,1,,-26.11161,3.5,1081.5,0,0,0,0,0,0,,0,0,0,,0,0,0,0,0,,0,0,0,0,0,,0,0,0,0,0,0,0,0,,0,0
1,4.645427,1,,-26.11161,3.5,1095.5,0,0,0,0,0,0,,0,0,0,,0,0,0,0,0,,0,0,0,0,0,,0,0,0,0,0,0,0,0,,0,0
1,4.682824,1,,-26.11161,3.5,1109.5,0,0,0,0,0,0,,0,0,0,,0,0,0,0,0,,0,0,0,0,0,,0,0,0,0,0,0,0,0,,0,0
1,4.738911,1,,-26.11161,3.5,1130.5,0,0,0,0,0,0,,0,0,0,,0,0,0,0,0,,0,0,0,0,0,,0,0,0,0,0,0,0,0,,0,0
1,4.784801,1,,-26.11161,3.5,1144.5,0,0,0,0,0,0,,0,0,0,,0,0,0,0,0,,0,0,0,0,0,,0,0,0,0,0,0,0,0,,0,0
1,4.825683,1,,-26.11161,3.5,1158.5,0,0,0,0,0,0,,0,0,0,,0,0,0,0,0,,0,0,0,0,0,,0,0,0,0,0,0,0,0,,0,0
1,4.864644,1,,-26.11161,3.5,1172.5,0,0,0,0,0,0,,0,0,0,,0,0,0,0,0,,0,0,0,0,0,,0,0,0,0,0,0,0,0,,0,0
1,4.902509,1,,-26.11161,3.5,1186.5,0,0,0,0,0,0,,0,0,0,,0,0,0,0,0,,0,0,0,0,0,,0,0,0,0,0,0,0,0,,0,0
1,4.937552,1,,-26.11161,3.5,1200.5,0,0,0,0,0,0,,0,0,0,,0,0,0,0,0,,0,0,0,0,0,,0,0,0,0,0,0,0,0,,0,0
1,4.972094,1,,-26.11161,3.5,1207.5,0,0,0,0,0,0,,0,0,0,,0,0,0,0,0,,0,0,0,0,0,,0,0,0,0,0,0,0,0,,0,0
1,5.010166,1,,-26.11161,3.5,1221.5,0,0,0,0,0,0,,0,0,0,,0,0,0,0,0,,0,0,0,0,0,,0,0,0,0,0,0,0,0,,0,0
1,5.04809,1,,-26.11161,3.5,1235.5,0,0,0,0,0,0,,0,0,0,,0,0,0,0,0,,0,0,0,0,0,,0,0,0,0,0,0,0,0,,0,0
1,5.087128,1,,-26.11161,3.5,1249.5,0,0,0,0,0,0,,0,0,0,,0,0,0,0,0,,0,0,0,0,0,,0,0,0,0,0,0,0,0,,0,0
1,5.127329,1,,-26.11161,3.5,1263.5,0,0,0,0,0,0,,0,0,0,,0,0,0,0,0,,0,0,0,0,0,,0,0,0,0,0,0,0,0,,0,0
1,5.165893,1,,-26.11161,3.5,1277.5,0,0,0,0,0,0,,0,0,0,,0,0,0,0,0,,0,0,0,0,0,,0,0,0,0,0,0,0,0,,0,0
1,5.205988,1,,-26.11161,3.5,1291.5,0,0,0,0,0,0,,0,0,0,,0,0,0,0,0,,0,0,0,0,0,,0,0,0,0,0,0,0,0,,0,0
1,5.245406,1,,-26.11161,3.5,1305.5,0,0,0,0,0,0,,0,0,0,,0,0,0,0,0,,0,0,0,0,0,,0,0,0,0,0,0,0,0,,0,0
1,5.287074,1,,-26.11161,3.5,1319.5,0,0,0,0,0,0,,0,0,0,,0,0,0,0,0,,0,0,0,0,0,,0,0,0,0,0,0,0,0,,0,0
1,5.324825,1,,-26.11161,3.5,1333.5,0,0,0,0,0,0,,0,0,0,,0,0,0,0,0,,0,0,0,0,0,,0,0,0,0,0,0,0,0,,0,0
1,5.362556,1,,-26.11161,3.5,1347.5,0,0,0,0,0,0,,0,0,0,,0,0,0,0,0,,0,0,0,0,0,,0,0,0,0,0,0,0,0,,0,0
1,5.396464,1,,-26.11161,3.5,1361.5,0,0,0,0,0,0,,0,0,0,,0,0,0,0,0,,0,0,0,0,0,,0,0,0,0,0,0,0,0,,0,0
1,5.434221,1,,-26.11161,3.5,1368.5,0,0,0,0,0,0,,0,0,0,,0,0,0,0,0,,0,0,0,0,0,,0,0,0,0,0,0,0,0,,0,0
1,5.470243,1,,-26.11161,3.5,1382.5,0,0,0,0,0,0,,0,0,0,,0,0,0,0,0,,0,0,0,0,0,,0,0,0,0,0,0,0,0,,0,0
1,5.511838,1,,-26.11161,3.5,1396.5,0,0,0,0,0,0,,0,0,0,,0,0,0,0,0,,0,0,0,0,0,,0,0,0,0,0,0,0,0,,0,0
1,5.552963,1,,-26.11161,3.5,1410.5,0,0,0,0,0,0,,0,0,0,,0,0,0,0,0,,0,0,0,0,0,,0,0,0,0,0,0,0,0,,0,0
1,5.592089,1,,-26.11161,3.5,1424.5,0,0,0,0,0,0,,0,0,0,,0,0,0,0,0,,0,0,0,0,0,,0,0,0,0,0,0,0,0,,0,0
1,5.628775,1,,-26.11161,3.5,1438.5,0,0,0,0,0,0,,0,0,0,,0,0,0,0,0,,0,0,0,0,0,,0,0,0,0,0,0,0,0,,0,0
1,5.664524,1,,-26.11161,3.5,1452.5,0,0,0,0,0,0,,0,0,0,,0,0,0,0,0,,0,0,0,0,0,,0,0,0,0,0,0,0,0,,0,0
1,5.69687,1,,-26.11161,3.5,1466.5,0,0,0,0,0,0,,0,0,0,,0,0,0,0,0,,0,0,0,0,0,,0,0,0,0,0,0,0,0,,0,0
1,5.731063,1,,-26.11161,3.5,1473.5,0,0,0,0,0,0,,0,0,0,,0,0,0,0,0,,0,0,0,0,0,,0,0,0,0,0,0,0,0,,0,0
1,5.765941,1,,-26.11161,3.5,1487.5,0,0,0,0,0,0,,0,0,0,,0,0,0,0,0,,0,0,0,0,0,,0,0,0,0,0,0,0,0,,0,0
1,5.800693,1,,-26.11161,3.5,1501.5,0,0,0,0,0,0,,0,0,0,,0,0,0,0,0,,0,0,0,0,0,,0,0,0,0,0,0,0,0,,0,0
1,5.842211,1,,-26.11161,3.5,1515.5,0,0,0,0,0,0,,0,0,0,,0,0,0,0,0,,0,0,0,0,0,,0,0,0,0,0,0,0,0,,0,0
1,5.880096,1,,-26.11161,3.5,1529.5,0,0,0,0,0,0,,0,0,0,,0,0,0,0,0,,0,0,0,0,0,,0,0,0,0,0,0,0,0,,0,0
1,5.916645,1,,-26.11161,3.5,1543.5,0,0,0,0,0,0,,0,0,0,,0,0,0,0,0,,0,0,0,0,0,,0,0,0,0,0,0,0,0,,0,0
1,5.953377,1,,-26.11161,3.5,1550.5,0,0,0,0,0,0,,0,0,0,,0,0,0,0,0,,0,0,0,0,0,,0,0,0,0,0,0,0,0,,0,0
1,5.987745,1,,-26.11161,3.5,1564.5,0,0,0,0,0,0,,0,0,0,,0,0,0,0,0,,0,0,0,0,0,,0,0,0,0,0,0,0,0,,0,0
1,6.026978,1,,-26.11161,3.5,1578.5,0,0,0,0,0,0,,0,0,0,,0,0,0,0,0,,0,0,0,0,0,,0,0,0,0,0,0,0,0,,0,0
1,6.026978,1,,-26.11161,3.5,1578.5,60,3.5,1605.49963378906,0,0,0,,0,0,0,,0,0,0,0,0,,0,0,0,0,0,,0,0,0,0,0,0,0,0,,0,0
1,6.120213,1,,-26.11161,3.5,1613.5,0,0,0,0,0,0,,1,1,0,,0,0,0,0,0,,0,0,0,0,0,,0,0,0,0,0,0,0,0,,0,0
1,6.206509,1,,-26.11161,3.5,1641.5,0,0,0,0,0,0,,1,1,0,,0,0,0,0,0,,0,0,0,0,0,,0,0,0,0,0,0,0,0,,0,0
1,6.206509,1,,-26.11161,3.5,1641.5,0,0,0,0,0,0,,1,1,0,,0,0,0,0,0,,0,0,0,0,0,,1,60,3.5,2606.5,0,0,0,0,,0,0
1,6.206509,1,,-26.11161,3.5,1641.5,0,0,0,0,0,0,,1,1,0,,0,0,0,0,0,,0,0,0,0,0,,1,0,3.5,3606.5,0,0,0,0,,0,0
1,6.25228,1,,-26.11161,3.5,1655.5,0,0,0,0,0,0,,1,1,0,,0,0,0,0,0,,0,0,0,0,0,,0,0,0,0,0,0,0,0,,0,0
1,6.3445,1,,-26.11161,3.5,1690.5,0,0,0,0,0,0,,1,1,0,,0,0,0,0,0,,0,0,0,0,0,,0,0,0,0,0,0,0,0,,0,0
1,6.385422,1,,-26.11161,3.5,1704.5,0,0,0,0,0,0,,1,1,0,,0,0,0,0,0,,0,0,0,0,0,,0,0,0,0,0,0,0,0,,0,0
1,6.436555,1,,-26.11161,3.5,1725.5,0,0,0,0,0,0,,1,1,0,,0,0,0,0,0,,0,0,0,0,0,,0,0,0,0,0,0,0,0,,0,0
1,6.482291,1,,-26.11161,3.5,1739.5,0,0,0,0,0,0,,1,1,0,,0,0,0,0,0,,0,0,0,0,0,,0,0,0,0,0,0,0,0,,0,0
1,6.514265,1,,-26.11161,3.5,1746.5,0,0,0,0,0,0,,1,1,0,,0,0,0,0,0,,0,0,0,0,0,,0,0,0,0,0,0,0,0,,0,0
1,6.546541,1,,-26.11161,3.5,1760.5,0,0,0,0,0,0,,1,1,0,,0,0,0,0,0,,0,0,0,0,0,,0,0,0,0,0,0,0,0,,0,0
1,6.582353,1,,-26.11161,3.5,1774.5,0,0,0,0,0,0,,1,1,0,,0,0,0,0,0,,0,0,0,0,0,,0,0,0,0,0,0,0,0,,0,0
1,6.62024,1,,-26.11161,3.5,1788.5,0,0,0,0,0,0,,1,1,0,,0,0,0,0,0,,0,0,0,0,0,,0,0,0,0,0,0,0,0,,0,0
1,6.662094,1,,-26.11161,3.5,1802.5,0,0,0,0,0,0,,1,1,0,,0,0,0,0,0,,0,0,0,0,0,,0,0,0,0,0,0,0,0,,0,0
1,6.714305,1,,-26.11161,3.5,1816.5,0,0,0,0,0,0,,1,1,0,,0,0,0,0,0,,0,0,0,0,0,,0,0,0,0,0,0,0,0,,0,0
1,6.759477,1,,-26.11161,3.5,1837.5,0,0,0,0,0,0,,1,1,0,,0,0,0,0,0,,0,0,0,0,0,,0,0,0,0,0,0,0,0,,0,0
1,6.801041,1,,-26.11161,3.5,1851.5,0,0,0,0,0,0,,1,1,0,,0,0,0,0,0,,0,0,0,0,0,,0,0,0,0,0,0,0,0,,0,0
1,6.835263,1,,-26.11161,3.5,1858.5,0,0,0,0,0,0,,1,1,0,,0,0,0,0,0,,0,0,0,0,0,,0,0,0,0,0,0,0,0,,0,0
1,6.871686,1,,-26.11161,3.5,1872.5,0,0,0,0,0,0,,1,1,0,,0,0,0,0,0,,0,0,0,0,0,,0,0,0,0,0,0,0,0,,0,0
1,6.915461,1,,-26.11161,3.5,1886.5,0,0,0,0,0,0,,1,1,0,,0,0,0,0,0,,0,0,0,0,0,,0,0,0,0,0,0,0,0,,0,0
1,6.948816,1,,-26.11161,3.5,1900.5,0,0,0,0,0,0,,1,1,0,,0,0,0,0,0,,0,0,0,0,0,,0,0,0,0,0,0,0,0,,0,0
1,6.982004,1,,-26.11161,3.5,1914.5,0,0,0,0,0,0,,1,1,0,,0,0,0,0,0,,0,0,0,0,0,,0,0,0,0,0,0,0,0,,0,0
1,7.014807,1,,-26.11161,3.5,1921.5,0,0,0,0,0,0,,1,1,0,,0,0,0,0,0,,0,0,0,0,0,,0,0,0,0,0,0,0,0,,0,0
1,7.046649,1,,-26.11161,3.5,1935.5,0,0,0,0,0,0,,1,1,0,,0,0,0,0,0,,0,0,0,0,0,,0,0,0,0,0,0,0,0,,0,0
1,7.078543,1,,-26.11161,3.5,1949.5,0,0,0,0,0,0,,1,1,0,,0,0,0,0,0,,0,0,0,0,0,,0,0,0,0,0,0,0,0,,0,0
1,7.123524,1,,-26.11161,3.5,1963.5,0,0,0,0,0,0,,1,1,0,,0,0,0,0,0,,0,0,0,0,0,,0,0,0,0,0,0,0,0,,0,0
1,7.161083,1,,-26.11161,3.5,1977.5,0,0,0,0,0,0,,1,1,0,,0,0,0,0,0,,0,0,0,0,0,,0,0,0,0,0,0,0,0,,0,0
1,7.200162,1,,-26.11161,3.5,1991.5,0,0,0,0,0,0,,1,1,0,,0,0,0,0,0,,0,0,0,0,0,,0,0,0,0,0,0,0,0,,0,0
1,7.239324,1,,-26.11161,3.5,2005.5,0,0,0,0,0,0,,1,1,0,,0,0,0,0,0,,0,0,0,0,0,,0,0,0,0,0,0,0,0,,0,0
1,7.280341,1,,-26.11161,3.5,2019.5,0,0,0,0,0,0,,1,1,0,,0,0,0,0,0,,0,0,0,0,0,,0,0,0,0,0,0,0,0,,0,0
1,7.330477,1,,-26.11161,3.5,2033.5,0,0,0,0,0,0,,1,1,0,,0,0,0,0,0,,0,0,0,0,0,,0,0,0,0,0,0,0,0,,0,0
1,7.37397,1,,-26.11161,3.5,2047.5,0,0,0,0,0,0,,1,1,0,,0,0,0,0,0,,0,0,0,0,0,,0,0,0,0,0,0,0,0,,0,0
1,7.410471,1,,-26.11161,3.5,2061.5,0,0,0,0,0,0,,1,1,0,,0,0,0,0,0,,0,0,0,0,0,,0,0,0,0,0,0,0,0,,0,0
1,7.44947,1,,-26.11161,3.5,2075.5,0,0,0,0,0,0,,1,1,0,,0,0,0,0,0,,0,0,0,0,0,,0,0,0,0,0,0,0,0,,0,0
1,7.48272,1,,-26.11161,3.5,2089.5,0,0,0,0,0,0,,1,1,0,,0,0,0,0,0,,0,0,0,0,0,,0,0,0,0,0,0,0,0,,0,0
1,7.524974,1,,-26.11161,3.5,2103.5,0,0,0,0,0,0,,1,0,0,,0,0,0,0,0,,0,0,0,0,0,,0,0,0,0,0,0,0,0,,0,0
1,7.562116,1,,-26.11161,3.5,2117.5,0,0,0,0,0,0,,1,0,0,,0,0,0,0,0,,0,0,0,0,0,,0,0,0,0,0,0,0,0,,0,0
1,7.593065,1,,-26.11161,3.5,2124.5,0,0,0,0,0,0,,1,0,0,,0,0,0,0,0,,0,0,0,0,0,,0,0,0,0,0,0,0,0,,0,0
1,7.627275,1,,-26.11161,3.5,2138.5,0,0,0,0,0,0,,1,0,0,,0,0,0,0,0,,0,0,0,0,0,,0,0,0,0,0,0,0,0,,0,0
1,7.664826,1,,-26.11161,3.5,2152.5,0,0,0,0,0,0,,1,0,0,,0,0,0,0,0,,0,0,0,0,0,,0,0,0,0,0,0,0,0,,0,0
1,7.703431,1,,-26.11161,3.5,2166.5,0,0,0,0,0,0,,1,0,0,,0,0,0,0,0,,0,0,0,0,0,,0,0,0,0,0,0,0,0,,0,0
1,7.752673,1,,-26.11161,3.5,2180.5,0,0,0,0,0,0,,1,0,0,,0,0,0,0,0,,0,0,0,0,0,,0,0,0,0,0,0,0,0,,0,0
1,7.789813,1,,-26.11161,3.5,2194.5,0,0,0,0,0,0,,1,0,0,,0,0,0,0,0,,0,0,0,0,0,,0,0,0,0,0,0,0,0,,0,0
1,7.825126,1,,-26.11161,3.5,2208.5,0,0,0,0,0,0,,1,0,0,,0,0,0,0,0,,0,0,0,0,0,,0,0,0,0,0,0,0,0,,0,0
1,7.863566,1,,-26.11161,3.5,2222.5,0,0,0,0,0,0,,1,0,0,,0,0,0,0,0,,0,0,0,0,0,,0,0,0,0,0,0,0,0,,0,0
1,7.905227,1,,-26.11161,3.5,2236.5,0,0,0,0,0,0,,1,0,0,,0,0,0,0,0,,0,0,0,0,0,,0,0,0,0,0,0,0,0,,0,0
1,7.952949,1,,-26.11161,3.5,2250.5,0,0,0,0,0,0,,1,0,0,,0,0,0,0,0,,0,0,0,0,0,,0,0,0,0,0,0,0,0,,0,0
1,7.986555,1,,-26.11161,3.5,2264.5,0,0,0,0,0,0,,1,0,0,,0,0,0,0,0,,0,0,0,0,0,,0,0,0,0,0,0,0,0,,0,0
1,8.034414,1,,-26.11161,3.5,2278.5,0,0,0,0,0,0,,1,0,0,,0,0,0,0,0,,0,0,0,0,0,,0,0,0,0,0,0,0,0,,0,0
1,8.068641,1,,-26.11161,3.5,2292.5,0,0,0,0,0,0,,1,0,0,,0,0,0,0,0,,0,0,0,0,0,,0,0,0,0,0,0,0,0,,0,0
1,8.104699,1,,-26.11161,3.5,2306.5,0,0,0,0,0,0,,1,0,0,,0,0,0,0,0,,0,0,0,0,0,,0,0,0,0,0,0,0,0,,0,0
1,8.137257,1,,-26.11161,3.5,2320.5,0,0,0,0,0,0,,1,0,0,,0,0,0,0,0,,0,0,0,0,0,,0,0,0,0,0,0,0,0,,0,0
1,8.178823,1,,-26.11161,3.5,2334.5,0,0,0,0,0,0,,1,0,0,,0,0,0,0,0,,0,0,0,0,0,,0,0,0,0,0,0,0,0,,0,0
1,8.217695,1,,-26.11161,3.5,2348.5,0,0,0,0,0,0,,1,0,0,,0,0,0,0,0,,0,0,0,0,0,,0,0,0,0,0,0,0,0,,0,0
1,8.256075,1,,-26.11161,3.5,2355.5,0,0,0,0,0,0,,1,0,0,,0,0,0,0,0,,0,0,0,0,0,,0,0,0,0,0,0,0,0,,0,0
1,8.295144,1,,-26.11161,3.5,2369.5,0,0,0,0,0,0,,1,0,0,,0,0,0,0,0,,0,0,0,0,0,,0,0,0,0,0,0,0,0,,0,0
1,8.333638,1,,-26.11161,3.5,2383.5,0,0,0,0,0,0,,1,0,0,,0,0,0,0,0,,0,0,0,0,0,,0,0,0,0,0,0,0,0,,0,0
1,8.372822,1,,-26.11161,3.5,2397.5,0,0,0,0,0,0,,1,0,0,,0,0,0,0,0,,0,0,0,0,0,,0,0,0,0,0,0,0,0,,0,0
1,8.418558,1,,-26.11161,3.5,2418.5,0,0,0,0,0,0,,1,0,0,,0,0,0,0,0,,0,0,0,0,0,,0,0,0,0,0,0,0,0,,0,0
1,8.457125,1,,-26.11161,3.5,2432.5,0,0,0,0,0,0,,1,0,0,,0,0,0,0,0,,0,0,0,0,0,,0,0,0,0,0,0,0,0,,0,0
1,8.493395,1,,-26.11161,3.5,2439.5,0,0,0,0,0,0,,1,0,0,,0,0,0,0,0,,0,0,0,0,0,,0,0,0,0,0,0,0,0,,0,0
1,8.534875,1,,-26.11161,3.5,2453.5,0,0,0,0,0,0,,1,0,0,,0,0,0,0,0,,0,0,0,0,0,,0,0,0,0,0,0,0,0,,0,0
1,8.567738,1,,-26.11161,3.5,2467.5,0,0,0,0,0,0,,1,0,0,,0,0,0,0,0,,0,0,0,0,0,,0,0,0,0,0,0,0,0,,0,0
1,8.600471,1,,-26.11161,3.5,2481.5,0,0,0,0,0,0,,1,0,0,,0,0,0,0,0,,0,0,0,0,0,,0,0,0,0,0,0,0,0,,0,0
1,8.642541,1,,-26.11161,3.5,2495.5,0,0,0,0,0,0,,1,0,0,,0,0,0,0,0,,0,0,0,0,0,,0,0,0,0,0,0,0,0,,0,0
1,8.676721,1,,-26.11161,3.5,2509.5,0,0,0,0,0,0,,1,0,0,,0,0,0,0,0,,0,0,0,0,0,,0,0,0,0,0,0,0,0,,0,0
1,8.712452,1,,-26.11161,3.5,2516.5,0,0,0,0,0,0,,1,0,0,,0,0,0,0,0,,0,0,0,0,0,,0,0,0,0,0,0,0,0,,0,0
1,8.744923,1,,-26.11161,3.5,2530.5,0,0,0,0,0,0,,1,0,0,,0,0,0,0,0,,0,0,0,0,0,,0,0,0,0,0,0,0,0,,0,0
1,8.781704,1,,-26.11161,3.5,2544.5,0,0,0,0,0,0,,1,0,0,,0,0,0,0,0,,0,0,0,0,0,,0,0,0,0,0,0,0,0,,0,0
1,8.821709,1,,-26.11161,3.5,2558.5,0,0,0,0,0,0,,1,0,0,,0,0,0,0,0,,0,0,0,0,0,,0,0,0,0,0,0,0,0,,0,0
1,8.873262,1,,-26.11161,3.5,2572.5,0,0,0,0,0,0,,1,0,0,,0,0,0,0,0,,0,0,0,0,0,,0,0,0,0,0,0,0,0,,0,0
1,8.914681,1,,-26.11161,3.5,2586.5,0,0,0,0,0,0,,1,0,0,,0,0,0,0,0,,0,0,0,0,0,,0,0,0,0,0,0,0,0,,0,0
1,8.914681,1,,-26.11161,3.5,2586.5,0,3.5,2605.49951171875,0,0,0,,1,0,0,,0,0,0,0,0,,0,0,0,0,0,,0,0,0,0,0,0,0,0,,0,0
1,8.914681,1,,-26.11161,3.5,2586.5,60,3.5,2606.49951171875,0,0,0,,1,0,0,,0,0,0,0,0,,0,0,0,0,0,,0,0,0,0,0,0,0,0,,0,0
1,8.914681,1,,-26.11161,3.5,2586.5,0,3.5,2605.49951171875,0,0,0,,1,0,0,,0,0,0,0,0,,0,0,0,0,0,,0,0,0,0,0,0,0,0,,0,0
1,8.914681,1,,-26.11161,3.5,2586.5,60,3.5,2606.49951171875,0,0,0,,1,0,0,,0,0,0,0,0,,0,0,0,0,0,,0,0,0,0,0,0,0,0,,0,0
1,8.956181,1,,-26.11161,3.5,2600.5,0,0,0,0,0,0,,3,2,0,,0,0,0,0,0,,0,0,0,0,0,,0,0,0,0,0,0,0,0,,0,0
1,9.076038,1,,-26.11161,3.5,2642.5,0,0,0,0,0,0,,3,2,0,,0,0,0,0,0,,0,0,0,0,0,,0,0,0,0,0,0,0,0,,0,0
1,9.076038,1,,-26.11161,3.5,2642.5,0,0,0,0,0,0,,3,2,0,,0,0,0,0,0,,0,0,0,0,0,,0,0,0,0,1,-60,3.5,3607.5,,0,0
1,9.076038,1,,-26.11161,3.5,2642.5,0,0,0,0,0,0,,3,2,0,,0,0,0,0,0,,0,0,0,0,0,,1,60,3.5,4607.5,0,0,0,0,,0,0
1,9.130632,1,,-26.11161,3.5,2663.5,0,0,0,0,0,0,,3,2,0,,0,0,0,0,0,,0,0,0,0,0,,0,0,0,0,0,0,0,0,,0,0
1,9.216031,1,,-26.11161,3.5,2691.5,0,0,0,0,0,0,,3,2,0,,0,0,0,0,0,,0,0,0,0,0,,0,0,0,0,0,0,0,0,,0,0
1,9.252798,1,,-26.11161,3.5,2705.5,0,0,0,0,0,0,,3,2,0,,0,0,0,0,0,,0,0,0,0,0,,0,0,0,0,0,0,0,0,,0,0
1,9.294461,1,,-26.11161,3.5,2719.5,0,0,0,0,0,0,,3,2,0,,0,0,0,0,0,,0,0,0,0,0,,0,0,0,0,0,0,0,0,,0,0
1,9.344232,1,,-26.11161,3.5,2740.5,0,0,0,0,0,0,,3,2,0,,0,0,0,0,0,,0,0,0,0,0,,0,0,0,0,0,0,0,0,,0,0
1,9.382539,1,,-26.11161,3.5,2754.5,0,0,0,0,0,0,,3,2,0,,0,0,0,0,0,,0,0,0,0,0,,0,0,0,0,0,0,0,0,,0,0
1,9.42029,1,,-26.11161,3.5,2768.5,0,0,0,0,0,0,,3,2,0,,0,0,0,0,0,,0,0,0,0,0,,0,0,0,0,0,0,0,0,,0,0
1,9.466575,1,,-26.11161,3.5,2782.5,0,0,0,0,0,0,,3,2,0,,0,0,0,0,0,,0,0,0,0,0,,0,0,0,0,0,0,0,0,,0,0
1,9.505241,1,,-26.11161,3.5,2796.5,0,0,0,0,0,0,,3,2,0,,0,0,0,0,0,,0,0,0,0,0,,0,0,0,0,0,0,0,0,,0,0
1,9.54877,1,,-26.11161,3.5,2810.5,0,0,0,0,0,0,,3,2,0,,0,0,0,0,0,,0,0,0,0,0,,0,0,0,0,0,0,0,0,,0,0
1,9.582755,1,,-26.11161,3.5,2824.5,0,0,0,0,0,0,,3,2,0,,0,0,0,0,0,,0,0,0,0,0,,0,0,0,0,0,0,0,0,,0,0
1,9.616014,1,,-26.11161,3.5,2831.5,0,0,0,0,0,0,,3,2,0,,0,0,0,0,0,,0,0,0,0,0,,0,0,0,0,0,0,0,0,,0,0
1,9.66056,1,,-26.11161,3.5,2852.5,0,0,0,0,0,0,,3,2,0,,0,0,0,0,0,,0,0,0,0,0,,0,0,0,0,0,0,0,0,,0,0
1,9.695439,1,,-26.11161,3.5,2859.5,0,0,0,0,0,0,,3,2,0,,0,0,0,0,0,,0,0,0,0,0,,0,0,0,0,0,0,0,0,,0,0
1,9.728626,1,,-26.11161,3.5,2873.5,0,0,0,0,0,0,,3,2,0,,0,0,0,0,0,,0,0,0,0,0,,0,0,0,0,0,0,0,0,,0,0
1,9.771016,1,,-26.11161,3.5,2887.5,0,0,0,0,0,0,,3,2,0,,0,0,0,0,0,,0,0,0,0,0,,0,0,0,0,0,0,0,0,,0,0
1,9.804049,1,,-26.11161,3.5,2901.5,0,0,0,0,0,0,,3,2,0,,0,0,0,0,0,,0,0,0,0,0,,0,0,0,0,0,0,0,0,,0,0
1,9.837711,1,,-26.11161,3.5,2915.5,0,0,0,0,0,0,,3,2,0,,0,0,0,0,0,,0,0,0,0,0,,0,0,0,0,0,0,0,0,,0,0
1,9.86964,1,,-26.11161,3.5,2922.5,0,0,0,0,0,0,,3,2,0,,0,0,0,0,0,,0,0,0,0,0,,0,0,0,0,0,0,0,0,,0,0
1,9.899248,1,,-26.11161,3.5,2936.5,0,0,0,0,0,0,,3,2,0,,0,0,0,0,0,,0,0,0,0,0,,0,0,0,0,0,0,0,0,,0,0
1,9.935216,1,,-26.11161,3.5,2943.5,0,0,0,0,0,0,,3,2,0,,0,0,0,0,0,,0,0,0,0,0,,0,0,0,0,0,0,0,0,,0,0
1,9.976366,1,,-26.11161,3.5,2957.5,0,0,0,0,0,0,,3,2,0,,0,0,0,0,0,,0,0,0,0,0,,0,0,0,0,0,0,0,0,,0,0
1,10.01637,1,,-26.11161,3.5,2971.5,0,0,0,0,0,0,,3,2,0,,0,0,0,0,0,,0,0,0,0,0,,0,0,0,0,0,0,0,0,,0,0
1,10.04924,1,,-26.11161,3.5,2985.5,0,0,0,0,0,0,,3,2,0,,0,0,0,0,0,,0,0,0,0,0,,0,0,0,0,0,0,0,0,,0,0
1,10.08344,1,,-26.11161,3.5,2999.5,0,0,0,0,0,0,,3,2,0,,0,0,0,0,0,,0,0,0,0,0,,0,0,0,0,0,0,0,0,,0,0
1,10.1162,1,,-26.11161,3.5,3006.5,0,0,0,0,0,0,,3,2,0,,0,0,0,0,0,,0,0,0,0,0,,0,0,0,0,0,0,0,0,,0,0
1,10.14705,1,,-26.11161,3.5,3020.5,0,0,0,0,0,0,,3,2,0,,0,0,0,0,0,,0,0,0,0,0,,0,0,0,0,0,0,0,0,,0,0
1,10.18863,1,,-26.11161,3.5,3034.5,0,0,0,0,0,0,,3,2,0,,0,0,0,0,0,,0,0,0,0,0,,0,0,0,0,0,0,0,0,,0,0
1,10.22148,1,,-26.11161,3.5,3048.5,0,0,0,0,0,0,,3,2,0,,0,0,0,0,0,,0,0,0,0,0,,0,0,0,0,0,0,0,0,,0,0
1,10.25433,1,,-26.11161,3.5,3055.5,0,0,0,0,0,0,,3,2,0,,0,0,0,0,0,,0,0,0,0,0,,0,0,0,0,0,0,0,0,,0,0
1,10.28776,1,,-26.11161,3.5,3069.5,0,0,0,0,0,0,,3,2,0,,0,0,0,0,0,,0,0,0,0,0,,0,0,0,0,0,0,0,0,,0,0
1,10.32152,1,,-26.11161,3.5,3083.5,0,0,0,0,0,0,,3,2,0,,0,0,0,0,0,,0,0,0,0,0,,0,0,0,0,0,0,0,0,,0,0
1,10.35503,1,,-26.11161,3.5,3090.5,0,0,0,0,0,0,,3,2,0,,0,0,0,0,0,,0,0,0,0,0,,0,0,0,0,0,0,0,0,,0,0
1,10.39622,1,,-26.11161,3.5,3104.5,0,0,0,0,0,0,,3,0,0,,0,0,0,0,0,,0,0,0,0,0,,0,0,0,0,0,0,0,0,,0,0
1,10.42811,1,,-26.11161,3.5,3118.5,0,0,0,0,0,0,,3,0,0,,0,0,0,0,0,,0,0,0,0,0,,0,0,0,0,0,0,0,0,,0,0
1,10.46454,1,,-26.11161,3.5,3132.5,0,0,0,0,0,0,,3,0,0,,0,0,0,0,0,,0,0,0,0,0,,0,0,0,0,0,0,0,0,,0,0
1,10.50118,1,,-26.11161,3.5,3146.5,0,0,0,0,0,0,,3,0,0,,0,0,0,0,0,,0,0,0,0,0,,0,0,0,0,0,0,0,0,,0,0
1,10.53487,1,,-26.11161,3.5,3153.5,0,0,0,0,0,0,,3,0,0,,0,0,0,0,0,,0,0,0,0,0,,0,0,0,0,0,0,0,0,,0,0
1,10.56558,1,,-26.11161,3.5,3167.5,0,0,0,0,0,0,,3,0,0,,0,0,0,0,0,,0,0,0,0,0,,0,0,0,0,0,0,0,0,,0,0
1,10.60717,1,,-26.11161,3.5,3181.5,0,0,0,0,0,0,,3,0,0,,0,0,0,0,0,,0,0,0,0,0,,0,0,0,0,0,0,0,0,,0,0
1,10.6393,1,,-26.11161,3.5,3195.5,0,0,0,0,0,0,,3,0,0,,0,0,0,0,0,,0,0,0,0,0,,0,0,0,0,0,0,0,0,,0,0
1,10.67106,1,,-26.11161,3.5,3202.5,0,0,0,0,0,0,,3,0,0,,0,0,0,0,0,,0,0,0,0,0,,0,0,0,0,0,0,0,0,,0,0
1,10.7034,1,,-26.11161,3.5,3216.5,0,0,0,0,0,0,,3,0,0,,0,0,0,0,0,,0,0,0,0,0,,0,0,0,0,0,0,0,0,,0,0
1,10.73344,1,,-26.11161,3.5,3223.5,0,0,0,0,0,0,,3,0,0,,0,0,0,0,0,,0,0,0,0,0,,0,0,0,0,0,0,0,0,,0,0
1,10.77102,1,,-26.11161,3.5,3237.5,0,0,0,0,0,0,,3,0,0,,0,0,0,0,0,,0,0,0,0,0,,0,0,0,0,0,0,0,0,,0,0
1,10.81721,1,,-26.11161,3.5,3258.5,0,0,0,0,0,0,,3,0,0,,0,0,0,0,0,,0,0,0,0,0,,0,0,0,0,0,0,0,0,,0,0
1,10.8625,1,,-26.11161,3.5,3272.5,0,0,0,0,0,0,,3,0,0,,0,0,0,0,0,,0,0,0,0,0,,0,0,0,0,0,0,0,0,,0,0
1,10.90099,1,,-26.11161,3.5,3286.5,0,0,0,0,0,0,,3,0,0,,0,0,0,0,0,,0,0,0,0,0,,0,0,0,0,0,0,0,0,,0,0
1,10.94465,1,,-26.11161,3.5,3300.5,0,0,0,0,0,0,,3,0,0,,0,0,0,0,0,,0,0,0,0,0,,0,0,0,0,0,0,0,0,,0,0
