Block,In-Game Time,DifficultyLevel,,CurrentX,CurrentY,CurrentZ,obstacleCarX,obstacleCarY,obstacleCarZ,obstacleRBX,obstacleRBY,obstacleRBZ,,Points,PassingCar?,PassingRB?,,Carcrash?,CrashCarX,CrashCarY,crashCarZ,totalCarCrash,,RBCrash?,CrashRB-X,CrashRB-Y,CrashRB-Z,totalRBCrash,,BeepPlayed,WaitingForResponse,SpacePressed,responseTime,,noResponse,NoResponseTime,,Baseline,Mean,SD,CriticalPoint,,movingAvg1,movingAvg2,movingAvg3,,movingAvg1*0.5,movingAvg2,movingAvg3*2,WMATotal,,critPointCounter,noCritPointCounter,DifficultyAdjust,,CarSpawned?,SpawnCarX,SpawnCarY,SpawnCarZ,RBSpawned?,SpawnRB-X,SpawnRB-Y,SpawnRB-Z,,LeftButtonDown,RightButtonDown
0,0,0,,0,0,0,0,0,0,0,0,0,,0,0,0,,0,0,0,0,0,,0,0,0,0,0,,0,0,0,0,,0,0,,0,0,0,0,,0,0,0,,0,0,0,0,,0,0,0,,1,0,3.5,965,0,0,0,0,,0,0
0,0,0,,0,0,0,0,0,0,0,0,0,,0,0,0,,0,0,0,0,0,,0,0,0,0,0,,0,0,0,0,,0,0,,0,0,0,0,,0,0,0,,0,0,0,0,,0,0,0,,1,-52,3.5,1965,0,0,0,0,,0,0
0,0,0,,0,0,0,0,0,0,0,0,0,,0,0,0,,0,0,0,0,0,,0,0,0,0,0,,0,0,0,0,,0,0,,0,0,0,0,,0,0,0,,0,0,0,0,,0,0,0,,1,52,3.5,965,0,0,0,0,,0,0
0,0,0,,0,0,0,0,0,0,0,0,0,,0,0,0,,0,0,0,0,0,,0,0,0,0,0,,0,0,0,0,,0,0,,0,0,0,0,,0,0,0,,0,0,0,0,,0,0,0,,1,0,3.5,1965,0,0,0,0,,0,0
0,0,0,,0,0,0,0,0,0,0,0,0,,0,0,0,,0,0,0,0,0,,0,0,0,0,0,,0,0,0,0,,0,0,,0,0,0,0,,0,0,0,,0,0,0,0,,0,0,0,,0,0,0,0,0,0,0,0,,0,0
0,0,0,,0,0,0,0,0,0,0,0,0,,0,0,0,,0,0,0,0,0,,0,0,0,0,0,,0,0,0,0,,0,0,,0,0,0,0,,0,0,0,,0,0,0,0,,0,0,0,,0,0,0,0,0,0,0,0,,0,0
0,0,0,,0,0,0,0,0,0,0,0,0,,0,0,0,,0,0,0,0,0,,0,0,0,0,0,,0,0,0,0,,0,0,,0,0,0,0,,0,0,0,,0,0,0,0,,0,0,0,,0,0,0,0,0,0,0,0,,0,0
0,0,0,,0,0,0,0,0,0,0,0,0,,0,0,0,,0,0,0,0,0,,0,0,0,0,0,,0,0,0,0,,0,0,,0,0,0,0,,0,0,0,,0,0,0,0,,0,0,0,,0,0,0,0,0,0,0,0,,0,0
0,0,0,,0,0,0,0,0,0,0,0,0,,0,0,0,,0,0,0,0,0,,0,0,0,0,0,,0,0,0,0,,0,0,,0,0,0,0,,0,0,0,,0,0,0,0,,0,0,0,,0,0,0,0,0,0,0,0,,0,0
0,0,0,,0,0,0,0,0,0,0,0,0,,0,0,0,,0,0,0,0,0,,0,0,0,0,0,,0,0,0,0,,0,0,,0,0,0,0,,0,0,0,,0,0,0,0,,0,0,0,,0,0,0,0,0,0,0,0,,0,0
0,0,0,,0,0,0,0,0,0,0,0,0,,0,0,0,,0,0,0,0,0,,0,0,0,0,0,,0,0,0,0,,0,0,,0,0,0,0,,0,0,0,,0,0,0,0,,0,0,0,,0,0,0,0,0,0,0,0,,0,0
0,0,0,,0,0,0,0,0,0,0,0,0,,0,0,0,,0,0,0,0,0,,0,0,0,0,0,,0,0,0,0,,0,0,,0,0,0,0,,0,0,0,,0,0,0,0,,0,0,0,,0,0,0,0,0,0,0,0,,0,0
0,0,0,,0,0,0,0,0,0,0,0,0,,0,0,0,,0,0,0,0,0,,0,0,0,0,0,,0,0,0,0,,0,0,,0,0,0,0,,0,0,0,,0,0,0,0,,0,0,0,,0,0,0,0,0,0,0,0,,0,0
0,0,0,,0,0,0,0,0,0,0,0,0,,0,0,0,,0,0,0,0,0,,0,0,0,0,0,,0,0,0,0,,0,0,,0,0,0,0,,0,0,0,,0,0,0,0,,0,0,0,,0,0,0,0,0,0,0,0,,0,0
0,0,0,,0,0,0,0,0,0,0,0,0,,0,0,0,,0,0,0,0,0,,0,0,0,0,0,,0,0,0,0,,0,0,,0,0,0,0,,0,0,0,,0,0,0,0,,0,0,0,,0,0,0,0,0,0,0,0,,0,0
0,0,0,,0,0,0,0,0,0,0,0,0,,0,0,0,,0,0,0,0,0,,0,0,0,0,0,,0,0,0,0,,0,0,,0,0,0,0,,0,0,0,,0,0,0,0,,0,0,0,,0,0,0,0,0,0,0,0,,0,0
0,0,0,,0,0,0,0,0,0,0,0,0,,0,0,0,,0,0,0,0,0,,0,0,0,0,0,,0,0,0,0,,0,0,,0,0,0,0,,0,0,0,,0,0,0,0,,0,0,0,,0,0,0,0,0,0,0,0,,0,0
0,0,0,,0,0,0,0,0,0,0,0,0,,0,0,0,,0,0,0,0,0,,0,0,0,0,0,,0,0,0,0,,0,0,,0,0,0,0,,0,0,0,,0,0,0,0,,0,0,0,,0,0,0,0,0,0,0,0,,0,0
0,0,0,,0,0,0,0,0,0,0,0,0,,0,0,0,,0,0,0,0,0,,0,0,0,0,0,,0,0,0,0,,0,0,,0,0,0,0,,0,0,0,,0,0,0,0,,0,0,0,,0,0,0,0,0,0,0,0,,0,0
0,0,0,,0,0,0,0,0,0,0,0,0,,0,0,0,,0,0,0,0,0,,0,0,0,0,0,,0,0,0,0,,0,0,,0,0,0,0,,0,0,0,,0,0,0,0,,0,0,0,,0,0,0,0,0,0,0,0,,0,0
0,0,0,,0,0,0,0,0,0,0,0,0,,0,0,0,,0,0,0,0,0,,0,0,0,0,0,,0,0,0,0,,0,0,,0,0,0,0,,0,0,0,,0,0,0,0,,0,0,0,,0,0,0,0,0,0,0,0,,0,0
0,0,0,,0,0,0,0,0,0,0,0,0,,0,0,0,,0,0,0,0,0,,0,0,0,0,0,,0,0,0,0,,0,0,,0,0,0,0,,0,0,0,,0,0,0,0,,0,0,0,,0,0,0,0,0,0,0,0,,0,0
0,0,0,,0,0,0,0,0,0,0,0,0,,0,0,0,,0,0,0,0,0,,0,0,0,0,0,,0,0,0,0,,0,0,,0,0,0,0,,0,0,0,,0,0,0,0,,0,0,0,,0,0,0,0,0,0,0,0,,0,0
0,0,0,,0,0,0,0,0,0,0,0,0,,0,0,0,,0,0,0,0,0,,0,0,0,0,0,,0,0,0,0,,0,0,,0,0,0,0,,0,0,0,,0,0,0,0,,0,0,0,,0,0,0,0,0,0,0,0,,0,0
0,0,0,,0,0,0,0,0,0,0,0,0,,0,0,0,,0,0,0,0,0,,0,0,0,0,0,,0,0,0,0,,0,0,,0,0,0,0,,0,0,0,,0,0,0,0,,0,0,0,,0,0,0,0,0,0,0,0,,0,0
0,0,0,,0,0,0,0,0,0,0,0,0,,0,0,0,,0,0,0,0,0,,0,0,0,0,0,,0,0,0,0,,0,0,,0,0,0,0,,0,0,0,,0,0,0,0,,0,0,0,,0,0,0,0,0,0,0,0,,0,0
0,0,0,,0,0,0,0,0,0,0,0,0,,0,0,0,,0,0,0,0,0,,0,0,0,0,0,,0,0,0,0,,0,0,,0,0,0,0,,0,0,0,,0,0,0,0,,0,0,0,,0,0,0,0,0,0,0,0,,0,0
0,0,0,,0,0,0,0,0,0,0,0,0,,0,0,0,,0,0,0,0,0,,0,0,0,0,0,,0,0,0,0,,0,0,,0,0,0,0,,0,0,0,,0,0,0,0,,0,0,0,,0,0,0,0,0,0,0,0,,0,0
0,0,0,,0,0,0,0,0,0,0,0,0,,0,0,0,,0,0,0,0,0,,0,0,0,0,0,,0,0,0,0,,0,0,,0,0,0,0,,0,0,0,,0,0,0,0,,0,0,0,,0,0,0,0,0,0,0,0,,0,0
0,0,0,,0,0,0,0,0,0,0,0,0,,0,0,0,,0,0,0,0,0,,0,0,0,0,0,,0,0,0,0,,0,0,,0,0,0,0,,0,0,0,,0,0,0,0,,0,0,0,,0,0,0,0,0,0,0,0,,0,0
0,0,0,,0,0,0,0,0,0,0,0,0,,0,0,0,,0,0,0,0,0,,0,0,0,0,0,,0,0,0,0,,0,0,,0,0,0,0,,0,0,0,,0,0,0,0,,0,0,0,,0,0,0,0,0,0,0,0,,0,0
0,0,0,,0,0,0,0,0,0,0,0,0,,0,0,0,,0,0,0,0,0,,0,0,0,0,0,,0,0,0,0,,0,0,,0,0,0,0,,0,0,0,,0,0,0,0,,0,0,0,,0,0,0,0,0,0,0,0,,0,0
0,0,0,,0,0,0,0,0,0,0,0,0,,0,0,0,,0,0,0,0,0,,0,0,0,0,0,,0,0,0,0,,0,0,,0,0,0,0,,0,0,0,,0,0,0,0,,0,0,0,,0,0,0,0,0,0,0,0,,0,0
0,0,0,,0,0,0,0,0,0,0,0,0,,0,0,0,,0,0,0,0,0,,0,0,0,0,0,,0,0,0,0,,0,0,,0,0,0,0,,0,0,0,,0,0,0,0,,0,0,0,,0,0,0,0,0,0,0,0,,0,0
0,0,0,,0,0,0,0,0,0,0,0,0,,0,0,0,,0,0,0,0,0,,0,0,0,0,0,,0,0,0,0,,0,0,,0,0,0,0,,0,0,0,,0,0,0,0,,0,0,0,,0,0,0,0,0,0,0,0,,0,0
0,0,0,,0,0,0,0,0,0,0,0,0,,0,0,0,,0,0,0,0,0,,0,0,0,0,0,,0,0,0,0,,0,0,,0,0,0,0,,0,0,0,,0,0,0,0,,0,0,0,,0,0,0,0,0,0,0,0,,0,0
0,0,0,,0,0,0,0,0,0,0,0,0,,0,0,0,,0,0,0,0,0,,0,0,0,0,0,,0,0,0,0,,0,0,,0,0,0,0,,0,0,0,,0,0,0,0,,0,0,0,,0,0,0,0,0,0,0,0,,0,0
0,0,0,,0,0,0,0,0,0,0,0,0,,0,0,0,,0,0,0,0,0,,0,0,0,0,0,,0,0,0,0,,0,0,,0,0,0,0,,0,0,0,,0,0,0,0,,0,0,0,,0,0,0,0,0,0,0,0,,0,0
0,0,0,,0,0,0,0,0,0,0,0,0,,0,0,0,,0,0,0,0,0,,0,0,0,0,0,,0,0,0,0,,0,0,,0,0,0,0,,0,0,0,,0,0,0,0,,0,0,0,,0,0,0,0,0,0,0,0,,0,0
0,0,0,,0,0,0,0,0,0,0,0,0,,0,0,0,,0,0,0,0,0,,0,0,0,0,0,,0,0,0,0,,0,0,,0,0,0,0,,0,0,0,,0,0,0,0,,0,0,0,,0,0,0,0,0,0,0,0,,0,0
0,0,0,,0,0,0,0,0,0,0,0,0,,0,0,0,,0,0,0,0,0,,0,0,0,0,0,,0,0,0,0,,0,0,,0,0,0,0,,0,0,0,,0,0,0,0,,0,0,0,,0,0,0,0,0,0,0,0,,0,0
0,0,0,,0,0,0,0,0,0,0,0,0,,0,0,0,,0,0,0,0,0,,0,0,0,0,0,,0,0,0,0,,0,0,,0,0,0,0,,0,0,0,,0,0,0,0,,0,0,0,,0,0,0,0,0,0,0,0,,0,0
0,0,0,,0,0,0,0,0,0,0,0,0,,0,0,0,,0,0,0,0,0,,0,0,0,0,0,,0,0,0,0,,0,0,,0,0,0,0,,0,0,0,,0,0,0,0,,0,0,0,,0,0,0,0,0,0,0,0,,0,0
0,0,0,,0,0,0,0,0,0,0,0,0,,0,0,0,,0,0,0,0,0,,0,0,0,0,0,,0,0,0,0,,0,0,,0,0,0,0,,0,0,0,,0,0,0,0,,0,0,0,,0,0,0,0,0,0,0,0,,0,0
0,0,0,,0,0,0,0,0,0,0,0,0,,0,0,0,,0,0,0,0,0,,0,0,0,0,0,,0,0,0,0,,0,0,,0,0,0,0,,0,0,0,,0,0,0,0,,0,0,0,,0,0,0,0,0,0,0,0,,0,0
0,0,0,,0,0,0,0,0,0,0,0,0,,0,0,0,,0,0,0,0,0,,0,0,0,0,0,,0,0,0,0,,0,0,,0,0,0,0,,0,0,0,,0,0,0,0,,0,0,0,,0,0,0,0,0,0,0,0,,0,0
0,0,0,,0,0,0,0,0,0,0,0,0,,0,0,0,,0,0,0,0,0,,0,0,0,0,0,,0,0,0,0,,0,0,,0,0,0,0,,0,0,0,,0,0,0,0,,0,0,0,,0,0,0,0,0,0,0,0,,0,0
0,0,0,,0,0,0,0,0,0,0,0,0,,0,0,0,,0,0,0,0,0,,0,0,0,0,0,,0,0,0,0,,0,0,,0,0,0,0,,0,0,0,,0,0,0,0,,0,0,0,,0,0,0,0,0,0,0,0,,0,0
0,0,0,,0,0,0,0,0,0,0,0,0,,0,0,0,,0,0,0,0,0,,0,0,0,0,0,,0,0,0,0,,0,0,,0,0,0,0,,0,0,0,,0,0,0,0,,0,0,0,,0,0,0,0,0,0,0,0,,0,0
0,0,0,,0,0,0,0,0,0,0,0,0,,0,0,0,,0,0,0,0,0,,0,0,0,0,0,,0,0,0,0,,0,0,,0,0,0,0,,0,0,0,,0,0,0,0,,0,0,0,,0,0,0,0,0,0,0,0,,0,0
0,0,0,,0,0,0,0,0,0,0,0,0,,0,0,0,,0,0,0,0,0,,0,0,0,0,0,,0,0,0,0,,0,0,,0,0,0,0,,0,0,0,,0,0,0,0,,0,0,0,,0,0,0,0,0,0,0,0,,0,0
0,0,0,,0,0,0,0,0,0,0,0,0,,0,0,0,,0,0,0,0,0,,0,0,0,0,0,,0,0,0,0,,0,0,,0,0,0,0,,0,0,0,,0,0,0,0,,0,0,0,,0,0,0,0,0,0,0,0,,0,0
0,0,0,,0,0,0,0,0,0,0,0,0,,0,0,0,,0,0,0,0,0,,0,0,0,0,0,,0,0,0,0,,0,0,,0,0,0,0,,0,0,0,,0,0,0,0,,0,0,0,,0,0,0,0,0,0,0,0,,0,0
0,0,0,,0,0,0,0,0,0,0,0,0,,0,0,0,,0,0,0,0,0,,0,0,0,0,0,,0,0,0,0,,0,0,,0,0,0,0,,0,0,0,,0,0,0,0,,0,0,0,,0,0,0,0,0,0,0,0,,0,0
0,0,0,,0,0,0,0,0,0,0,0,0,,0,0,0,,0,0,0,0,0,,0,0,0,0,0,,0,0,0,0,,0,0,,0,0,0,0,,0,0,0,,0,0,0,0,,0,0,0,,0,0,0,0,0,0,0,0,,0,0
0,0,0,,0,0,0,0,0,0,0,0,0,,0,0,0,,0,0,0,0,0,,0,0,0,0,0,,0,0,0,0,,0,0,,0,0,0,0,,0,0,0,,0,0,0,0,,0,0,0,,0,0,0,0,0,0,0,0,,0,0
0,0,0,,0,0,0,0,0,0,0,0,0,,0,0,0,,0,0,0,0,0,,0,0,0,0,0,,0,0,0,0,,0,0,,0,0,0,0,,0,0,0,,0,0,0,0,,0,0,0,,0,0,0,0,0,0,0,0,,0,0
0,0,0,,0,0,0,0,0,0,0,0,0,,0,0,0,,0,0,0,0,0,,0,0,0,0,0,,0,0,0,0,,0,0,,0,0,0,0,,0,0,0,,0,0,0,0,,0,0,0,,0,0,0,0,0,0,0,0,,0,0
0,0,0,,0,0,0,0,0,0,0,0,0,,0,0,0,,0,0,0,0,0,,0,0,0,0,0,,0,0,0,0,,0,0,,0,0,0,0,,0,0,0,,0,0,0,0,,0,0,0,,0,0,0,0,0,0,0,0,,0,0
0,0,0,,0,0,0,0,0,0,0,0,0,,0,0,0,,0,0,0,0,0,,0,0,0,0,0,,0,0,0,0,,0,0,,0,0,0,0,,0,0,0,,0,0,0,0,,0,0,0,,0,0,0,0,0,0,0,0,,0,0
0,0,0,,0,0,0,0,0,0,0,0,0,,0,0,0,,0,0,0,0,0,,0,0,0,0,0,,0,0,0,0,,0,0,,0,0,0,0,,0,0,0,,0,0,0,0,,0,0,0,,0,0,0,0,0,0,0,0,,0,0
0,0,0,,0,0,0,0,0,0,0,0,0,,0,0,0,,0,0,0,0,0,,0,0,0,0,0,,0,0,0,0,,0,0,,0,0,0,0,,0,0,0,,0,0,0,0,,0,0,0,,0,0,0,0,0,0,0,0,,0,0
0,0,0,,0,0,0,0,0,0,0,0,0,,0,0,0,,0,0,0,0,0,,0,0,0,0,0,,0,0,0,0,,0,0,,0,0,0,0,,0,0,0,,0,0,0,0,,0,0,0,,0,0,0,0,0,0,0,0,,0,0
0,0,0,,0,0,0,0,0,0,0,0,0,,0,0,0,,0,0,0,0,0,,0,0,0,0,0,,0,0,0,0,,0,0,,0,0,0,0,,0,0,0,,0,0,0,0,,0,0,0,,0,0,0,0,0,0,0,0,,0,0
0,0,0,,0,0,0,0,0,0,0,0,0,,0,0,0,,0,0,0,0,0,,0,0,0,0,0,,0,0,0,0,,0,0,,0,0,0,0,,0,0,0,,0,0,0,0,,0,0,0,,0,0,0,0,0,0,0,0,,0,0
0,0,0,,0,0,0,0,0,0,0,0,0,,0,0,0,,0,0,0,0,0,,0,0,0,0,0,,0,0,0,0,,0,0,,0,0,0,0,,0,0,0,,0,0,0,0,,0,0,0,,0,0,0,0,0,0,0,0,,0,0
0,0,0,,0,0,0,0,0,0,0,0,0,,0,0,0,,0,0,0,0,0,,0,0,0,0,0,,0,0,0,0,,0,0,,0,0,0,0,,0,0,0,,0,0,0,0,,0,0,0,,0,0,0,0,0,0,0,0,,0,0
0,0,0,,0,0,0,0,0,0,0,0,0,,0,0,0,,0,0,0,0,0,,0,0,0,0,0,,0,0,0,0,,0,0,,0,0,0,0,,0,0,0,,0,0,0,0,,0,0,0,,0,0,0,0,0,0,0,0,,0,0
0,0,0,,0,0,0,0,0,0,0,0,0,,0,0,0,,0,0,0,0,0,,0,0,0,0,0,,0,0,0,0,,0,0,,0,0,0,0,,0,0,0,,0,0,0,0,,0,0,0,,0,0,0,0,0,0,0,0,,0,0
0,0,0,,0,0,0,0,0,0,0,0,0,,0,0,0,,0,0,0,0,0,,0,0,0,0,0,,0,0,0,0,,0,0,,0,0,0,0,,0,0,0,,0,0,0,0,,0,0,0,,0,0,0,0,0,0,0,0,,0,0
0,0,0,,0,0,0,0,0,0,0,0,0,,0,0,0,,0,0,0,0,0,,0,0,0,0,0,,0,0,0,0,,0,0,,0,0,0,0,,0,0,0,,0,0,0,0,,0,0,0,,0,0,0,0,0,0,0,0,,0,0
0,0,0,,0,0,0,0,0,0,0,0,0,,0,0,0,,0,0,0,0,0,,0,0,0,0,0,,0,0,0,0,,0,0,,0,0,0,0,,0,0,0,,0,0,0,0,,0,0,0,,0,0,0,0,0,0,0,0,,0,0
0,0,0,,0,0,0,0,0,0,0,0,0,,0,0,0,,0,0,0,0,0,,0,0,0,0,0,,0,0,0,0,,0,0,,0,0,0,0,,0,0,0,,0,0,0,0,,0,0,0,,0,0,0,0,0,0,0,0,,0,0
0,0,0,,0,0,0,0,0,0,0,0,0,,0,0,0,,0,0,0,0,0,,0,0,0,0,0,,0,0,0,0,,0,0,,0,0,0,0,,0,0,0,,0,0,0,0,,0,0,0,,0,0,0,0,0,0,0,0,,0,0
0,0,0,,0,0,0,0,0,0,0,0,0,,0,0,0,,0,0,0,0,0,,0,0,0,0,0,,0,0,0,0,,0,0,,0,0,0,0,,0,0,0,,0,0,0,0,,0,0,0,,0,0,0,0,0,0,0,0,,0,0
0,0,0,,0,0,0,0,0,0,0,0,0,,0,0,0,,0,0,0,0,0,,0,0,0,0,0,,0,0,0,0,,0,0,,0,0,0,0,,0,0,0,,0,0,0,0,,0,0,0,,0,0,0,0,0,0,0,0,,0,0
0,0,0,,0,0,0,0,0,0,0,0,0,,0,0,0,,0,0,0,0,0,,0,0,0,0,0,,0,0,0,0,,0,0,,0,0,0,0,,0,0,0,,0,0,0,0,,0,0,0,,0,0,0,0,0,0,0,0,,0,0
0,0,0,,0,0,0,0,0,0,0,0,0,,0,0,0,,0,0,0,0,0,,0,0,0,0,0,,0,0,0,0,,0,0,,0,0,0,0,,0,0,0,,0,0,0,0,,0,0,0,,0,0,0,0,0,0,0,0,,0,0
0,0,0,,0,0,0,0,0,0,0,0,0,,0,0,0,,0,0,0,0,0,,0,0,0,0,0,,0,0,0,0,,0,0,,0,0,0,0,,0,0,0,,0,0,0,0,,0,0,0,,0,0,0,0,0,0,0,0,,0,0
0,0,0,,0,0,0,0,0,0,0,0,0,,0,0,0,,0,0,0,0,0,,0,0,0,0,0,,0,0,0,0,,0,0,,0,0,0,0,,0,0,0,,0,0,0,0,,0,0,0,,0,0,0,0,0,0,0,0,,0,0
0,0,0,,0,0,0,0,0,0,0,0,0,,0,0,0,,0,0,0,0,0,,0,0,0,0,0,,0,0,0,0,,0,0,,0,0,0,0,,0,0,0,,0,0,0,0,,0,0,0,,0,0,0,0,0,0,0,0,,0,0
0,0,0,,0,0,0,0,0,0,0,0,0,,0,0,0,,0,0,0,0,0,,0,0,0,0,0,,0,0,0,0,,0,0,,0,0,0,0,,0,0,0,,0,0,0,0,,0,0,0,,0,0,0,0,0,0,0,0,,0,0
0,0,0,,0,0,0,0,0,0,0,0,0,,0,0,0,,0,0,0,0,0,,0,0,0,0,0,,0,0,0,0,,0,0,,0,0,0,0,,0,0,0,,0,0,0,0,,0,0,0,,0,0,0,0,0,0,0,0,,0,0
0,0,0,,0,0,0,0,0,0,0,0,0,,0,0,0,,0,0,0,0,0,,0,0,0,0,0,,0,0,0,0,,0,0,,0,0,0,0,,0,0,0,,0,0,0,0,,0,0,0,,0,0,0,0,0,0,0,0,,0,0
0,0,0,,0,0,0,0,0,0,0,0,0,,0,0,0,,0,0,0,0,0,,0,0,0,0,0,,0,0,0,0,,0,0,,0,0,0,0,,0,0,0,,0,0,0,0,,0,0,0,,0,0,0,0,0,0,0,0,,0,0
0,0,0,,0,0,0,0,0,0,0,0,0,,0,0,0,,0,0,0,0,0,,0,0,0,0,0,,0,0,0,0,,0,0,,0,0,0,0,,0,0,0,,0,0,0,0,,0,0,0,,0,0,0,0,0,0,0,0,,0,0
0,0,0,,0,0,0,0,0,0,0,0,0,,0,0,0,,0,0,0,0,0,,0,0,0,0,0,,0,0,0,0,,0,0,,0,0,0,0,,0,0,0,,0,0,0,0,,0,0,0,,0,0,0,0,0,0,0,0,,0,0
0,0,0,,0,0,0,0,0,0,0,0,0,,0,0,0,,0,0,0,0,0,,0,0,0,0,0,,0,0,0,0,,0,0,,0,0,0,0,,0,0,0,,0,0,0,0,,0,0,0,,0,0,0,0,0,0,0,0,,0,0
0,0,0,,0,0,0,0,0,0,0,0,0,,0,0,0,,0,0,0,0,0,,0,0,0,0,0,,0,0,0,0,,0,0,,0,0,0,0,,0,0,0,,0,0,0,0,,0,0,0,,0,0,0,0,0,0,0,0,,0,0
0,0,0,,0,0,0,0,0,0,0,0,0,,0,0,0,,0,0,0,0,0,,0,0,0,0,0,,0,0,0,0,,0,0,,0,0,0,0,,0,0,0,,0,0,0,0,,0,0,0,,0,0,0,0,0,0,0,0,,0,0
0,0,0,,0,0,0,0,0,0,0,0,0,,0,0,0,,0,0,0,0,0,,0,0,0,0,0,,0,0,0,0,,0,0,,0,0,0,0,,0,0,0,,0,0,0,0,,0,0,0,,0,0,0,0,0,0,0,0,,0,0
0,0,0,,0,0,0,0,0,0,0,0,0,,0,0,0,,0,0,0,0,0,,0,0,0,0,0,,0,0,0,0,,0,0,,0,0,0,0,,0,0,0,,0,0,0,0,,0,0,0,,0,0,0,0,0,0,0,0,,0,0
0,0,0,,0,0,0,0,0,0,0,0,0,,0,0,0,,0,0,0,0,0,,0,0,0,0,0,,0,0,0,0,,0,0,,0,0,0,0,,0,0,0,,0,0,0,0,,0,0,0,,0,0,0,0,0,0,0,0,,0,0
0,0,0,,0,0,0,0,0,0,0,0,0,,0,0,0,,0,0,0,0,0,,0,0,0,0,0,,0,0,0,0,,0,0,,0,0,0,0,,0,0,0,,0,0,0,0,,0,0,0,,0,0,0,0,0,0,0,0,,0,0
0,0,0,,0,0,0,0,0,0,0,0,0,,0,0,0,,0,0,0,0,0,,0,0,0,0,0,,0,0,0,0,,0,0,,0,0,0,0,,0,0,0,,0,0,0,0,,0,0,0,,0,0,0,0,0,0,0,0,,0,0
0,0,0,,0,0,0,0,0,0,0,0,0,,0,0,0,,0,0,0,0,0,,0,0,0,0,0,,0,0,0,0,,0,0,,0,0,0,0,,0,0,0,,0,0,0,0,,0,0,0,,0,0,0,0,0,0,0,0,,0,0
0,0,0,,0,0,0,0,0,0,0,0,0,,0,0,0,,0,0,0,0,0,,0,0,0,0,0,,0,0,0,0,,0,0,,0,0,0,0,,0,0,0,,0,0,0,0,,0,0,0,,0,0,0,0,0,0,0,0,,0,0
0,0,0,,0,0,0,0,0,0,0,0,0,,0,0,0,,0,0,0,0,0,,0,0,0,0,0,,0,0,0,0,,0,0,,0,0,0,0,,0,0,0,,0,0,0,0,,0,0,0,,0,0,0,0,0,0,0,0,,0,0
0,0,0,,0,0,0,0,0,0,0,0,0,,0,0,0,,0,0,0,0,0,,0,0,0,0,0,,0,0,0,0,,0,0,,0,0,0,0,,0,0,0,,0,0,0,0,,0,0,0,,0,0,0,0,0,0,0,0,,0,0
0,0,0,,0,0,0,0,0,0,0,0,0,,0,0,0,,0,0,0,0,0,,0,0,0,0,0,,0,0,0,0,,0,0,,0,0,0,0,,0,0,0,,0,0,0,0,,0,0,0,,0,0,0,0,0,0,0,0,,0,0
0,0,0,,0,0,0,0,0,0,0,0,0,,0,0,0,,0,0,0,0,0,,0,0,0,0,0,,0,0,0,0,,0,0,,0,0,0,0,,0,0,0,,0,0,0,0,,0,0,0,,0,0,0,0,0,0,0,0,,0,0
0,0,0,,0,0,0,0,0,0,0,0,0,,0,0,0,,0,0,0,0,0,,0,0,0,0,0,,0,0,0,0,,0,0,,0,0,0,0,,0,0,0,,0,0,0,0,,0,0,0,,0,0,0,0,0,0,0,0,,0,0
0,0,0,,0,0,0,0,0,0,0,0,0,,0,0,0,,0,0,0,0,0,,0,0,0,0,0,,0,0,0,0,,0,0,,0,0,0,0,,0,0,0,,0,0,0,0,,0,0,0,,0,0,0,0,0,0,0,0,,0,0
0,0,0,,0,0,0,0,0,0,0,0,0,,0,0,0,,0,0,0,0,0,,0,0,0,0,0,,0,0,0,0,,0,0,,0,0,0,0,,0,0,0,,0,0,0,0,,0,0,0,,0,0,0,0,0,0,0,0,,0,0
0,0,0,,0,0,0,0,0,0,0,0,0,,0,0,0,,0,0,0,0,0,,0,0,0,0,0,,0,0,0,0,,0,0,,0,0,0,0,,0,0,0,,0,0,0,0,,0,0,0,,0,0,0,0,0,0,0,0,,0,0
0,0,0,,0,0,0,0,0,0,0,0,0,,0,0,0,,0,0,0,0,0,,0,0,0,0,0,,0,0,0,0,,0,0,,0,0,0,0,,0,0,0,,0,0,0,0,,0,0,0,,0,0,0,0,0,0,0,0,,0,0
0,0,0,,0,0,0,0,0,0,0,0,0,,0,0,0,,0,0,0,0,0,,0,0,0,0,0,,0,0,0,0,,0,0,,0,0,0,0,,0,0,0,,0,0,0,0,,0,0,0,,0,0,0,0,0,0,0,0,,0,0
0,0,0,,0,0,0,0,0,0,0,0,0,,0,0,0,,0,0,0,0,0,,0,0,0,0,0,,0,0,0,0,,0,0,,0,0,0,0,,0,0,0,,0,0,0,0,,0,0,0,,0,0,0,0,0,0,0,0,,0,0
0,0,0,,0,0,0,0,0,0,0,0,0,,0,0,0,,0,0,0,0,0,,0,0,0,0,0,,0,0,0,0,,0,0,,0,0,0,0,,0,0,0,,0,0,0,0,,0,0,0,,0,0,0,0,0,0,0,0,,0,0
0,0,0,,0,0,0,0,0,0,0,0,0,,0,0,0,,0,0,0,0,0,,0,0,0,0,0,,0,0,0,0,,0,0,,0,0,0,0,,0,0,0,,0,0,0,0,,0,0,0,,0,0,0,0,0,0,0,0,,0,0
0,0,0,,0,0,0,0,0,0,0,0,0,,0,0,0,,0,0,0,0,0,,0,0,0,0,0,,0,0,0,0,,0,0,,0,0,0,0,,0,0,0,,0,0,0,0,,0,0,0,,0,0,0,0,0,0,0,0,,0,0
0,0,0,,0,0,0,0,0,0,0,0,0,,0,0,0,,0,0,0,0,0,,0,0,0,0,0,,0,0,0,0,,0,0,,0,0,0,0,,0,0,0,,0,0,0,0,,0,0,0,,0,0,0,0,0,0,0,0,,0,0
0,0,0,,0,0,0,0,0,0,0,0,0,,0,0,0,,0,0,0,0,0,,0,0,0,0,0,,0,0,0,0,,0,0,,0,0,0,0,,0,0,0,,0,0,0,0,,0,0,0,,0,0,0,0,0,0,0,0,,0,0
0,0,0,,0,0,0,0,0,0,0,0,0,,0,0,0,,0,0,0,0,0,,0,0,0,0,0,,0,0,0,0,,0,0,,0,0,0,0,,0,0,0,,0,0,0,0,,0,0,0,,0,0,0,0,0,0,0,0,,0,0
0,0,0,,0,0,0,0,0,0,0,0,0,,0,0,0,,0,0,0,0,0,,0,0,0,0,0,,0,0,0,0,,0,0,,0,0,0,0,,0,0,0,,0,0,0,0,,0,0,0,,0,0,0,0,0,0,0,0,,0,0
0,0,0,,0,0,0,0,0,0,0,0,0,,0,0,0,,0,0,0,0,0,,0,0,0,0,0,,0,0,0,0,,0,0,,0,0,0,0,,0,0,0,,0,0,0,0,,0,0,0,,0,0,0,0,0,0,0,0,,0,0
0,0,0,,0,0,0,0,0,0,0,0,0,,0,0,0,,0,0,0,0,0,,0,0,0,0,0,,0,0,0,0,,0,0,,0,0,0,0,,0,0,0,,0,0,0,0,,0,0,0,,0,0,0,0,0,0,0,0,,0,0
0,0,0,,0,0,0,0,0,0,0,0,0,,0,0,0,,0,0,0,0,0,,0,0,0,0,0,,0,0,0,0,,0,0,,0,0,0,0,,0,0,0,,0,0,0,0,,0,0,0,,0,0,0,0,0,0,0,0,,0,0
0,0,0,,0,0,0,0,0,0,0,0,0,,0,0,0,,0,0,0,0,0,,0,0,0,0,0,,0,0,0,0,,0,0,,0,0,0,0,,0,0,0,,0,0,0,0,,0,0,0,,0,0,0,0,0,0,0,0,,0,0
0,0,0,,0,0,0,0,0,0,0,0,0,,0,0,0,,0,0,0,0,0,,0,0,0,0,0,,0,0,0,0,,0,0,,0,0,0,0,,0,0,0,,0,0,0,0,,0,0,0,,0,0,0,0,0,0,0,0,,0,0
0,0,0,,0,0,0,0,0,0,0,0,0,,0,0,0,,0,0,0,0,0,,0,0,0,0,0,,0,0,0,0,,0,0,,0,0,0,0,,0,0,0,,0,0,0,0,,0,0,0,,0,0,0,0,0,0,0,0,,0,0
0,0,0,,0,0,0,0,0,0,0,0,0,,0,0,0,,0,0,0,0,0,,0,0,0,0,0,,0,0,0,0,,0,0,,0,0,0,0,,0,0,0,,0,0,0,0,,0,0,0,,0,0,0,0,0,0,0,0,,0,0
0,0,0,,0,0,0,0,0,0,0,0,0,,0,0,0,,0,0,0,0,0,,0,0,0,0,0,,0,0,0,0,,0,0,,0,0,0,0,,0,0,0,,0,0,0,0,,0,0,0,,0,0,0,0,0,0,0,0,,0,0
0,0,0,,0,0,0,0,0,0,0,0,0,,0,0,0,,0,0,0,0,0,,0,0,0,0,0,,0,0,0,0,,0,0,,0,0,0,0,,0,0,0,,0,0,0,0,,0,0,0,,0,0,0,0,0,0,0,0,,0,0
0,0,0,,0,0,0,0,0,0,0,0,0,,0,0,0,,0,0,0,0,0,,0,0,0,0,0,,0,0,0,0,,0,0,,0,0,0,0,,0,0,0,,0,0,0,0,,0,0,0,,0,0,0,0,0,0,0,0,,0,0
0,0,0,,0,0,0,0,0,0,0,0,0,,0,0,0,,0,0,0,0,0,,0,0,0,0,0,,0,0,0,0,,0,0,,0,0,0,0,,0,0,0,,0,0,0,0,,0,0,0,,0,0,0,0,0,0,0,0,,0,0
0,0,0,,0,0,0,0,0,0,0,0,0,,0,0,0,,0,0,0,0,0,,0,0,0,0,0,,0,0,0,0,,0,0,,0,0,0,0,,0,0,0,,0,0,0,0,,0,0,0,,0,0,0,0,0,0,0,0,,0,0
0,0,0,,0,0,0,0,0,0,0,0,0,,0,0,0,,0,0,0,0,0,,0,0,0,0,0,,0,0,0,0,,0,0,,0,0,0,0,,0,0,0,,0,0,0,0,,0,0,0,,0,0,0,0,0,0,0,0,,0,0
0,0,0,,0,0,0,0,0,0,0,0,0,,0,0,0,,0,0,0,0,0,,0,0,0,0,0,,0,0,0,0,,0,0,,0,0,0,0,,0,0,0,,0,0,0,0,,0,0,0,,0,0,0,0,0,0,0,0,,0,0
0,0,0,,0,0,0,0,0,0,0,0,0,,0,0,0,,0,0,0,0,0,,0,0,0,0,0,,0,0,0,0,,0,0,,0,0,0,0,,0,0,0,,0,0,0,0,,0,0,0,,0,0,0,0,0,0,0,0,,0,0
0,0,0,,0,0,0,0,0,0,0,0,0,,0,0,0,,0,0,0,0,0,,0,0,0,0,0,,0,0,0,0,,0,0,,0,0,0,0,,0,0,0,,0,0,0,0,,0,0,0,,0,0,0,0,0,0,0,0,,0,0
0,0,0,,0,0,0,0,0,0,0,0,0,,0,0,0,,0,0,0,0,0,,0,0,0,0,0,,0,0,0,0,,0,0,,0,0,0,0,,0,0,0,,0,0,0,0,,0,0,0,,0,0,0,0,0,0,0,0,,0,0
0,0,0,,0,0,0,0,0,0,0,0,0,,0,0,0,,0,0,0,0,0,,0,0,0,0,0,,0,0,0,0,,0,0,,0,0,0,0,,0,0,0,,0,0,0,0,,0,0,0,,0,0,0,0,0,0,0,0,,0,0
0,0,0,,0,0,0,0,0,0,0,0,0,,0,0,0,,0,0,0,0,0,,0,0,0,0,0,,0,0,0,0,,0,0,,0,0,0,0,,0,0,0,,0,0,0,0,,0,0,0,,0,0,0,0,0,0,0,0,,0,0
0,0,0,,0,0,0,0,0,0,0,0,0,,0,0,0,,0,0,0,0,0,,0,0,0,0,0,,0,0,0,0,,0,0,,0,0,0,0,,0,0,0,,0,0,0,0,,0,0,0,,0,0,0,0,0,0,0,0,,0,0
0,0,0,,0,0,0,0,0,0,0,0,0,,0,0,0,,0,0,0,0,0,,0,0,0,0,0,,0,0,0,0,,0,0,,0,0,0,0,,0,0,0,,0,0,0,0,,0,0,0,,0,0,0,0,0,0,0,0,,0,0
0,0,0,,0,0,0,0,0,0,0,0,0,,0,0,0,,0,0,0,0,0,,0,0,0,0,0,,0,0,0,0,,0,0,,0,0,0,0,,0,0,0,,0,0,0,0,,0,0,0,,0,0,0,0,0,0,0,0,,0,0
0,0,0,,0,0,0,0,0,0,0,0,0,,0,0,0,,0,0,0,0,0,,0,0,0,0,0,,0,0,0,0,,0,0,,0,0,0,0,,0,0,0,,0,0,0,0,,0,0,0,,0,0,0,0,0,0,0,0,,0,0
0,0,0,,0,0,0,0,0,0,0,0,0,,0,0,0,,0,0,0,0,0,,0,0,0,0,0,,0,0,0,0,,0,0,,0,0,0,0,,0,0,0,,0,0,0,0,,0,0,0,,0,0,0,0,0,0,0,0,,0,0
0,0,0,,0,0,0,0,0,0,0,0,0,,0,0,0,,0,0,0,0,0,,0,0,0,0,0,,0,0,0,0,,0,0,,0,0,0,0,,0,0,0,,0,0,0,0,,0,0,0,,0,0,0,0,0,0,0,0,,0,0
0,0,0,,0,0,0,0,0,0,0,0,0,,0,0,0,,0,0,0,0,0,,0,0,0,0,0,,0,0,0,0,,0,0,,0,0,0,0,,0,0,0,,0,0,0,0,,0,0,0,,0,0,0,0,0,0,0,0,,0,0
0,0,0,,0,0,0,0,0,0,0,0,0,,0,0,0,,0,0,0,0,0,,0,0,0,0,0,,0,0,0,0,,0,0,,0,0,0,0,,0,0,0,,0,0,0,0,,0,0,0,,0,0,0,0,0,0,0,0,,0,0
0,0,0,,0,0,0,0,0,0,0,0,0,,0,0,0,,0,0,0,0,0,,0,0,0,0,0,,0,0,0,0,,0,0,,0,0,0,0,,0,0,0,,0,0,0,0,,0,0,0,,0,0,0,0,0,0,0,0,,0,0
0,0,0,,0,0,0,0,0,0,0,0,0,,0,0,0,,0,0,0,0,0,,0,0,0,0,0,,0,0,0,0,,0,0,,0,0,0,0,,0,0,0,,0,0,0,0,,0,0,0,,0,0,0,0,0,0,0,0,,0,0
0,0,0,,0,0,0,0,0,0,0,0,0,,0,0,0,,0,0,0,0,0,,0,0,0,0,0,,0,0,0,0,,0,0,,0,0,0,0,,0,0,0,,0,0,0,0,,0,0,0,,0,0,0,0,0,0,0,0,,0,0
0,0,0,,0,0,0,0,0,0,0,0,0,,0,0,0,,0,0,0,0,0,,0,0,0,0,0,,0,0,0,0,,0,0,,0,0,0,0,,0,0,0,,0,0,0,0,,0,0,0,,0,0,0,0,0,0,0,0,,0,0
0,0,0,,0,0,0,0,0,0,0,0,0,,0,0,0,,0,0,0,0,0,,0,0,0,0,0,,0,0,0,0,,0,0,,0,0,0,0,,0,0,0,,0,0,0,0,,0,0,0,,0,0,0,0,0,0,0,0,,0,0
0,0,0,,0,0,0,0,0,0,0,0,0,,0,0,0,,0,0,0,0,0,,0,0,0,0,0,,0,0,0,0,,0,0,,0,0,0,0,,0,0,0,,0,0,0,0,,0,0,0,,0,0,0,0,0,0,0,0,,0,0
0,0,0,,0,0,0,0,0,0,0,0,0,,0,0,0,,0,0,0,0,0,,0,0,0,0,0,,0,0,0,0,,0,0,,0,0,0,0,,0,0,0,,0,0,0,0,,0,0,0,,0,0,0,0,0,0,0,0,,0,0
0,0,0,,0,0,0,0,0,0,0,0,0,,0,0,0,,0,0,0,0,0,,0,0,0,0,0,,0,0,0,0,,0,0,,0,0,0,0,,0,0,0,,0,0,0,0,,0,0,0,,0,0,0,0,0,0,0,0,,0,0
0,0,0,,0,0,0,0,0,0,0,0,0,,0,0,0,,0,0,0,0,0,,0,0,0,0,0,,0,0,0,0,,0,0,,0,0,0,0,,0,0,0,,0,0,0,0,,0,0,0,,0,0,0,0,0,0,0,0,,0,0
0,0,0,,0,0,0,0,0,0,0,0,0,,0,0,0,,0,0,0,0,0,,0,0,0,0,0,,0,0,0,0,,0,0,,0,0,0,0,,0,0,0,,0,0,0,0,,0,0,0,,0,0,0,0,0,0,0,0,,0,0
0,0,0,,0,0,0,0,0,0,0,0,0,,0,0,0,,0,0,0,0,0,,0,0,0,0,0,,0,0,0,0,,0,0,,0,0,0,0,,0,0,0,,0,0,0,0,,0,0,0,,0,0,0,0,0,0,0,0,,0,0
0,0,0,,0,0,0,0,0,0,0,0,0,,0,0,0,,0,0,0,0,0,,0,0,0,0,0,,0,0,0,0,,0,0,,0,0,0,0,,0,0,0,,0,0,0,0,,0,0,0,,0,0,0,0,0,0,0,0,,0,0
0,0,0,,0,0,0,0,0,0,0,0,0,,0,0,0,,0,0,0,0,0,,0,0,0,0,0,,0,0,0,0,,0,0,,0,0,0,0,,0,0,0,,0,0,0,0,,0,0,0,,0,0,0,0,0,0,0,0,,0,0
0,0,0,,0,0,0,0,0,0,0,0,0,,0,0,0,,0,0,0,0,0,,0,0,0,0,0,,0,0,0,0,,0,0,,0,0,0,0,,0,0,0,,0,0,0,0,,0,0,0,,0,0,0,0,0,0,0,0,,0,0
0,0,0,,0,0,0,0,0,0,0,0,0,,0,0,0,,0,0,0,0,0,,0,0,0,0,0,,0,0,0,0,,0,0,,0,0,0,0,,0,0,0,,0,0,0,0,,0,0,0,,0,0,0,0,0,0,0,0,,0,0
0,0,0,,0,0,0,0,0,0,0,0,0,,0,0,0,,0,0,0,0,0,,0,0,0,0,0,,0,0,0,0,,0,0,,0,0,0,0,,0,0,0,,0,0,0,0,,0,0,0,,0,0,0,0,0,0,0,0,,0,0
0,0,0,,0,0,0,0,0,0,0,0,0,,0,0,0,,0,0,0,0,0,,0,0,0,0,0,,0,0,0,0,,0,0,,0,0,0,0,,0,0,0,,0,0,0,0,,0,0,0,,0,0,0,0,0,0,0,0,,0,0
0,0,0,,0,0,0,0,0,0,0,0,0,,0,0,0,,0,0,0,0,0,,0,0,0,0,0,,0,0,0,0,,0,0,,0,0,0,0,,0,0,0,,0,0,0,0,,0,0,0,,0,0,0,0,0,0,0,0,,0,0
0,0,0,,0,0,0,0,0,0,0,0,0,,0,0,0,,0,0,0,0,0,,0,0,0,0,0,,0,0,0,0,,0,0,,0,0,0,0,,0,0,0,,0,0,0,0,,0,0,0,,0,0,0,0,0,0,0,0,,0,0
0,0,0,,0,0,0,0,0,0,0,0,0,,0,0,0,,0,0,0,0,0,,0,0,0,0,0,,0,0,0,0,,0,0,,0,0,0,0,,0,0,0,,0,0,0,0,,0,0,0,,0,0,0,0,0,0,0,0,,0,0
0,0,0,,0,0,0,0,0,0,0,0,0,,0,0,0,,0,0,0,0,0,,0,0,0,0,0,,0,0,0,0,,0,0,,0,0,0,0,,0,0,0,,0,0,0,0,,0,0,0,,0,0,0,0,0,0,0,0,,0,0
0,0,0,,0,0,0,0,0,0,0,0,0,,0,0,0,,0,0,0,0,0,,0,0,0,0,0,,0,0,0,0,,0,0,,0,0,0,0,,0,0,0,,0,0,0,0,,0,0,0,,0,0,0,0,0,0,0,0,,0,0
0,0,0,,0,0,0,0,0,0,0,0,0,,0,0,0,,0,0,0,0,0,,0,0,0,0,0,,0,0,0,0,,0,0,,0,0,0,0,,0,0,0,,0,0,0,0,,0,0,0,,0,0,0,0,0,0,0,0,,0,0
0,0,0,,0,0,0,0,0,0,0,0,0,,0,0,0,,0,0,0,0,0,,0,0,0,0,0,,0,0,0,0,,0,0,,0,0,0,0,,0,0,0,,0,0,0,0,,0,0,0,,0,0,0,0,0,0,0,0,,0,0
0,0,0,,0,0,0,0,0,0,0,0,0,,0,0,0,,0,0,0,0,0,,0,0,0,0,0,,0,0,0,0,,0,0,,0,0,0,0,,0,0,0,,0,0,0,0,,0,0,0,,0,0,0,0,0,0,0,0,,0,0
0,0,0,,0,0,0,0,0,0,0,0,0,,0,0,0,,0,0,0,0,0,,0,0,0,0,0,,0,0,0,0,,0,0,,0,0,0,0,,0,0,0,,0,0,0,0,,0,0,0,,0,0,0,0,0,0,0,0,,0,0
1,0.00634028,1,,0,3.5,0,0,0,0,0,0,0,,0,0,0,,0,0,0,0,0,,0,0,0,0,0,,0,0,0,0,,0,0,,0,0,0,0,,0,0,0,,0,0,0,0,,0,0,0,,0,0,0,0,0,0,0,0,,0,0
1,0.02944418,1,,0,3.5,0.14,0,0,0,0,0,0,,0,0,0,,0,0,0,0,0,,0,0,0,0,0,,0,0,0,0,,0,0,,0,0,0,0,,0,0,0,,0,0,0,0,,0,0,0,,0,0,0,0,0,0,0,0,,0,0
1,0.06416048,1,,0,3.5,0.28,0,0,0,0,0,0,,0,0,0,,0,0,0,0,0,,0,0,0,0,0,,0,0,0,0,,0,0,,0,0,0,0,,0,0,0,,0,0,0,0,,0,0,0,,0,0,0,0,0,0,0,0,,1,0
1,0.09383578,1,,-0.6248934,3.5,0.7,0,0,0,0,0,0,,0,0,0,,0,0,0,0,0,,0,0,0,0,0,,0,0,0,0,,0,0,,0,0,0,0,,0,0,0,,0,0,0,0,,0,0,0,,0,0,0,0,0,0,0,0,,1,0
1,0.1238808,1,,-1.783942,3.5,0.98,0,0,0,0,0,0,,0,0,0,,0,0,0,0,0,,0,0,0,0,0,,0,0,0,0,,0,0,,0,0,0,0,,0,0,0,,0,0,0,0,,0,0,0,,0,0,0,0,0,0,0,0,,1,0
1,0.1496553,1,,-3.483801,3.5,1.68,0,0,0,0,0,0,,0,0,0,,0,0,0,0,0,,0,0,0,0,0,,0,0,0,0,,0,0,,0,0,0,0,,0,0,0,,0,0,0,0,,0,0,0,,0,0,0,0,0,0,0,0,,1,0
1,0.176624,1,,-5.647601,3.5,2.1,0,0,0,0,0,0,,0,0,0,,0,0,0,0,0,,0,0,0,0,0,,0,0,0,0,,0,0,,0,0,0,0,,0,0,0,,0,0,0,0,,0,0,0,,0,0,0,0,0,0,0,0,,1,0
1,0.2013883,1,,-8.296838,3.5,2.566667,0,0,0,0,0,0,,0,0,0,,0,0,0,0,0,,0,0,0,0,0,,0,0,0,0,,0,0,,0,0,0,0,,0,0,0,,0,0,0,0,,0,0,0,,0,0,0,0,0,0,0,0,,1,0
1,0.2280367,1,,-11.39183,3.5,3.64,0,0,0,0,0,0,,0,0,0,,0,0,0,0,0,,0,0,0,0,0,,0,0,0,0,,0,0,,0,0,0,0,,0,0,0,,0,0,0,0,,0,0,0,,0,0,0,0,0,0,0,0,,1,0
1,0.2532373,1,,-14.9665,3.5,4.246666,0,0,0,0,0,0,,0,0,0,,0,0,0,0,0,,0,0,0,0,0,,0,0,0,0,,0,0,,0,0,0,0,,0,0,0,,0,0,0,0,,0,0,0,,0,0,0,0,0,0,0,0,,1,0
1,0.279842,1,,-18.99477,3.5,4.9,0,0,0,0,0,0,,0,0,0,,0,0,0,0,0,,0,0,0,0,0,,0,0,0,0,,0,0,,0,0,0,0,,0,0,0,,0,0,0,0,,0,0,0,,0,0,0,0,0,0,0,0,,1,0
1,0.3052181,1,,-23.50193,3.5,5.6,0,0,0,0,0,0,,0,0,0,,0,0,0,0,0,,0,0,0,0,0,,0,0,0,0,,0,0,,0,0,0,0,,0,0,0,,0,0,0,0,,0,0,0,,0,0,0,0,0,0,0,0,,1,0
1,0.3371331,1,,-28.46586,3.5,7.14,0,0,0,0,0,0,,0,0,0,,0,0,0,0,0,,0,0,0,0,0,,0,0,0,0,,0,0,,0,0,0,0,,0,0,0,,0,0,0,0,,0,0,0,,0,0,0,0,0,0,0,0,,1,0
1,0.3630523,1,,-34.00426,3.5,7.98,0,0,0,0,0,0,,0,0,0,,0,0,0,0,0,,0,0,0,0,0,,0,0,0,0,,0,0,,0,0,0,0,,0,0,0,,0,0,0,0,,0,0,0,,0,0,0,0,0,0,0,0,,1,0
1,0.3884396,1,,-40.00426,3.5,9.800001,0,0,0,0,0,0,,0,0,0,,0,0,0,0,0,,0,0,0,0,0,,0,0,0,0,,0,0,,0,0,0,0,,0,0,0,,0,0,0,0,,0,0,0,,0,0,0,0,0,0,0,0,,1,0
1,0.4175081,1,,-46.00426,3.5,10.78,0,0,0,0,0,0,,0,0,0,,0,0,0,0,0,,0,0,0,0,0,,0,0,0,0,,0,0,,0,0,0,0,,0,0,0,,0,0,0,0,,0,0,0,,0,0,0,0,0,0,0,0,,1,1
1,0.4483437,1,,-50,3.5,12.88,0,0,0,0,0,0,,0,0,0,,0,0,0,0,0,,0,0,0,0,0,,0,0,0,0,,0,0,,0,0,0,0,,0,0,0,,0,0,0,0,,0,0,0,,0,0,0,0,0,0,0,0,,0,1
1,0.4776346,1,,-50,3.5,14,0,0,0,0,0,0,,0,0,0,,0,0,0,0,0,,0,0,0,0,0,,0,0,0,0,,0,0,,0,0,0,0,,0,0,0,,0,0,0,0,,0,0,0,,0,0,0,0,0,0,0,0,,0,1
1,0.503151,1,,-49.47276,3.5,15.16667,0,0,0,0,0,0,,0,0,0,,0,0,0,0,0,,0,0,0,0,0,,0,0,0,0,,0,0,,0,0,0,0,,0,0,0,,0,0,0,0,,0,0,0,,0,0,0,0,0,0,0,0,,0,1
1,0.5322077,1,,-48.48623,3.5,17.64,0,0,0,0,0,0,,0,0,0,,0,0,0,0,0,,0,0,0,0,0,,0,0,0,0,,0,0,,0,0,0,0,,0,0,0,,0,0,0,0,,0,0,0,,0,0,0,0,0,0,0,0,,0,1
1,0.5581879,1,,-46.97668,3.5,18.94667,0,0,0,0,0,0,,0,0,0,,0,0,0,0,0,,0,0,0,0,0,,0,0,0,0,,0,0,,0,0,0,0,,0,0,0,,0,0,0,0,,0,0,0,,0,0,0,0,0,0,0,0,,0,1
1,0.5845042,1,,-44.99949,3.5,20.3,0,0,0,0,0,0,,0,0,0,,0,0,0,0,0,,0,0,0,0,0,,0,0,0,0,,0,0,,0,0,0,0,,0,0,0,,0,0,0,0,,0,0,0,,0,0,0,0,0,0,0,0,,0,1
1,0.6108799,1,,-42.5486,3.5,23.14667,0,0,0,0,0,0,,0,0,0,,0,0,0,0,0,,0,0,0,0,0,,0,0,0,0,,0,0,,0,0,0,0,,0,0,0,,0,0,0,0,,0,0,0,,0,0,0,0,0,0,0,0,,0,1
1,0.6372174,1,,-39.62294,3.5,24.64,0,0,0,0,0,0,,0,0,0,,0,0,0,0,0,,0,0,0,0,0,,0,0,0,0,,0,0,,0,0,0,0,,0,0,0,,0,0,0,0,,0,0,0,,0,0,0,0,0,0,0,0,,0,1
1,0.6643343,1,,-36.22322,3.5,26.18,0,0,0,0,0,0,,0,0,0,,0,0,0,0,0,,0,0,0,0,0,,0,0,0,0,,0,0,,0,0,0,0,,0,0,0,,0,0,0,0,,0,0,0,,0,0,0,0,0,0,0,0,,0,1
1,0.7012745,1,,-32.33538,3.5,29.4,0,0,0,0,0,0,,0,0,0,,0,0,0,0,0,,0,0,0,0,0,,0,0,0,0,,0,0,,0,0,0,0,,0,0,0,,0,0,0,0,,0,0,0,,0,0,0,0,0,0,0,0,,0,1
1,0.7276934,1,,-27.78263,3.5,32.80667,0,0,0,0,0,0,,0,0,0,,0,0,0,0,0,,0,0,0,0,0,,0,0,0,0,,0,0,,0,0,0,0,,0,0,0,,0,0,0,0,,0,0,0,,0,0,0,0,0,0,0,0,,0,1
1,0.7540559,1,,-22.75434,3.5,34.58,0,0,0,0,0,0,,0,0,0,,0,0,0,0,0,,0,0,0,0,0,,0,0,0,0,,0,0,,0,0,0,0,,0,0,0,,0,0,0,0,,0,0,0,,0,0,0,0,0,0,0,0,,0,1
1,0.7809359,1,,-17.25152,3.5,36.4,0,0,0,0,0,0,,0,0,0,,0,0,0,0,0,,0,0,0,0,0,,0,0,0,0,,0,0,,0,0,0,0,,0,0,0,,0,0,0,0,,0,0,0,,0,0,0,0,0,0,0,0,,0,1
1,0.8057261,1,,-11.26486,3.5,38.26667,0,0,0,0,0,0,,0,0,0,,0,0,0,0,0,,0,0,0,0,0,,0,0,0,0,,0,0,,0,0,0,0,,0,0,0,,0,0,0,0,,0,0,0,,0,0,0,0,0,0,0,0,,0,1
1,0.8320904,1,,-5.264858,3.5,42.14,0,0,0,0,0,0,,0,0,0,,0,0,0,0,0,,0,0,0,0,0,,0,0,0,0,,0,0,,0,0,0,0,,0,0,0,,0,0,0,0,,0,0,0,,0,0,0,0,0,0,0,0,,0,1
1,0.8579165,1,,0.7351418,3.5,44.14666,0,0,0,0,0,0,,0,0,0,,0,0,0,0,0,,0,0,0,0,0,,0,0,0,0,,0,0,,0,0,0,0,,0,0,0,,0,0,0,0,,0,0,0,,0,0,0,0,0,0,0,0,,0,1
1,0.8855628,1,,6.735142,3.5,46.2,0,0,0,0,0,0,,0,0,0,,0,0,0,0,0,,0,0,0,0,0,,0,0,0,0,,0,0,,0,0,0,0,,0,0,0,,0,0,0,0,,0,0,0,,0,0,0,0,0,0,0,0,,0,1
1,0.9135193,1,,12.73514,3.5,50.44666,0,0,0,0,0,0,,0,0,0,,0,0,0,0,0,,0,0,0,0,0,,0,0,0,0,,0,0,,0,0,0,0,,0,0,0,,0,0,0,0,,0,0,0,,0,0,0,0,0,0,0,0,,0,1
1,0.9413177,1,,18.73514,3.5,52.64,0,0,0,0,0,0,,0,0,0,,0,0,0,0,0,,0,0,0,0,0,,0,0,0,0,,0,0,,0,0,0,0,,0,0,0,,0,0,0,0,,0,0,0,,0,0,0,0,0,0,0,0,,0,1
1,0.977818,1,,24.73514,3.5,57.16666,0,0,0,0,0,0,,0,0,0,,0,0,0,0,0,,0,0,0,0,0,,0,0,0,0,,0,0,,0,0,0,0,,0,0,0,,0,0,0,0,,0,0,0,,0,0,0,0,0,0,0,0,,0,1
1,1.007053,1,,30.73514,3.5,59.49999,0,0,0,0,0,0,,0,0,0,,0,0,0,0,0,,0,0,0,0,0,,0,0,0,0,,0,0,,0,0,0,0,,0,0,0,,0,0,0,0,,0,0,0,,0,0,0,0,0,0,0,0,,0,1
1,1.036552,1,,36.73514,3.5,64.30666,0,0,0,0,0,0,,0,0,0,,0,0,0,0,0,,0,0,0,0,0,,0,0,0,0,,0,0,,0,0,0,0,,0,0,0,,0,0,0,0,,0,0,0,,0,0,0,0,0,0,0,0,,0,1
1,1.065325,1,,42.73514,3.5,66.77999,0,0,0,0,0,0,,0,0,0,,0,0,0,0,0,,0,0,0,0,0,,0,0,0,0,,0,0,,0,0,0,0,,0,0,0,,0,0,0,0,,0,0,0,,0,0,0,0,0,0,0,0,,0,1
1,1.096914,1,,48.73514,3.5,71.86665,0,0,0,0,0,0,,0,0,0,,0,0,0,0,0,,0,0,0,0,0,,0,0,0,0,,0,0,,0,0,0,0,,0,0,0,,0,0,0,0,,0,0,0,,0,0,0,0,0,0,0,0,,1,1
1,1.129158,1,,50,3.5,77.13998,0,0,0,0,0,0,,0,0,0,,0,0,0,0,0,,0,0,0,0,0,,0,0,0,0,,0,0,,0,0,0,0,,0,0,0,,0,0,0,0,,0,0,0,,0,0,0,0,0,0,0,0,,1,0
1,1.15814,1,,50,3.5,79.84665,0,0,0,0,0,0,,0,0,0,,0,0,0,0,0,,0,0,0,0,0,,0,0,0,0,,0,0,,0,0,0,0,,0,0,0,,0,0,0,0,,0,0,0,,0,0,0,0,0,0,0,0,,1,0
1,1.185717,1,,49.47831,3.5,82.59998,0,0,0,0,0,0,,0,0,0,,0,0,0,0,0,,0,0,0,0,0,,0,0,0,0,,0,0,,0,0,0,0,,0,0,0,,0,0,0,0,,0,0,0,,0,0,0,0,0,0,0,0,,1,0
1,1.211321,1,,48.46024,3.5,88.24664,0,0,0,0,0,0,,0,0,0,,0,0,0,0,0,,0,0,0,0,0,,0,0,0,0,,0,0,,0,0,0,0,,0,0,0,,0,0,0,0,,0,0,0,,0,0,0,0,0,0,0,0,,1,0
1,1.236985,1,,46.98129,3.5,91.13998,0,0,0,0,0,0,,0,0,0,,0,0,0,0,0,,0,0,0,0,0,,0,0,0,0,,0,0,,0,0,0,0,,0,0,0,,0,0,0,0,,0,0,0,,0,0,0,0,0,0,0,0,,1,0
1,1.264329,1,,45.0404,3.5,94.07997,0,0,0,0,0,0,,0,0,0,,0,0,0,0,0,,0,0,0,0,0,,0,0,0,0,,0,0,,0,0,0,0,,0,0,0,,0,0,0,0,,0,0,0,,0,0,0,0,0,0,0,0,,1,0
1,1.289635,1,,42.60731,3.5,100.1,0,0,0,0,0,0,,0,0,0,,0,0,0,0,0,,0,0,0,0,0,,0,0,0,0,,0,0,,0,0,0,0,,0,0,0,,0,0,0,0,,0,0,0,,0,0,0,0,0,0,0,0,,1,0
1,1.317448,1,,39.71871,3.5,103.18,0,0,0,0,0,0,,0,0,0,,0,0,0,0,0,,0,0,0,0,0,,0,0,0,0,,0,0,,0,0,0,0,,0,0,0,,0,0,0,0,,0,0,0,,0,0,0,0,0,0,0,0,,1,0
1,1.343194,1,,36.32948,3.5,106.3066,0,0,0,0,0,0,,0,0,0,,0,0,0,0,0,,0,0,0,0,0,,0,0,0,0,,0,0,,0,0,0,0,,0,0,0,,0,0,0,0,,0,0,0,,0,0,0,0,0,0,0,0,,1,0
1,1.380974,1,,32.47681,3.5,112.7,0,0,0,0,0,0,,0,0,0,,0,0,0,0,0,,0,0,0,0,0,,0,0,0,0,,0,0,,0,0,0,0,,0,0,0,,0,0,0,0,,0,0,0,,0,0,0,0,0,0,0,0,,1,0
1,1.416513,1,,27.94411,3.5,119.28,0,0,0,0,0,0,,0,0,0,,0,0,0,0,0,,0,0,0,0,0,,0,0,0,0,,0,0,,0,0,0,0,,0,0,0,,0,0,0,0,,0,0,0,,0,0,0,0,0,0,0,0,,1,0
1,1.443885,1,,22.77171,3.5,122.64,0,0,0,0,0,0,,0,0,0,,0,0,0,0,0,,0,0,0,0,0,,0,0,0,0,,0,0,,0,0,0,0,,0,0,0,,0,0,0,0,,0,0,0,,0,0,0,0,0,0,0,0,,1,0
1,1.469325,1,,17.10662,3.5,129.5,0,0,0,0,0,0,,0,0,0,,0,0,0,0,0,,0,0,0,0,0,,0,0,0,0,,0,0,,0,0,0,0,,0,0,0,,0,0,0,0,,0,0,0,,0,0,0,0,0,0,0,0,,1,0
1,1.497084,1,,11.10662,3.5,133,0,0,0,0,0,0,,0,0,0,,0,0,0,0,0,,0,0,0,0,0,,0,0,0,0,,0,0,,0,0,0,0,,0,0,0,,0,0,0,0,,0,0,0,,0,0,0,0,0,0,0,0,,1,0
1,1.522788,1,,5.106615,3.5,136.5466,0,0,0,0,0,0,,0,0,0,,0,0,0,0,0,,0,0,0,0,0,,0,0,0,0,,0,0,,0,0,0,0,,0,0,0,,0,0,0,0,,0,0,0,,0,0,0,0,0,0,0,0,,1,0
1,1.550249,1,,-0.8933849,3.5,143.78,0,0,0,0,0,0,,0,0,0,,0,0,0,0,0,,0,0,0,0,0,,0,0,0,0,,0,0,,0,0,0,0,,0,0,0,,0,0,0,0,,0,0,0,,0,0,0,0,0,0,0,0,,1,0
1,1.577825,1,,-6.893385,3.5,147.4666,0,0,0,0,0,0,,0,0,0,,0,0,0,0,0,,0,0,0,0,0,,0,0,0,0,,0,0,,0,0,0,0,,0,0,0,,0,0,0,0,,0,0,0,,0,0,0,0,0,0,0,0,,1,0
1,1.605253,1,,-12.89338,3.5,151.2,0,0,0,0,0,0,,0,0,0,,0,0,0,0,0,,0,0,0,0,0,,0,0,0,0,,0,0,,0,0,0,0,,0,0,0,,0,0,0,0,,0,0,0,,0,0,0,0,0,0,0,0,,1,0
1,1.63544,1,,-18.89338,3.5,158.8066,0,0,0,0,0,0,,0,0,0,,0,0,0,0,0,,0,0,0,0,0,,0,0,0,0,,0,0,,0,0,0,0,,0,0,0,,0,0,0,0,,0,0,0,,0,0,0,0,0,0,0,0,,1,0
1,1.662748,1,,-24.89338,3.5,162.6799,0,0,0,0,0,0,,0,0,0,,0,0,0,0,0,,0,0,0,0,0,,0,0,0,0,,0,0,,0,0,0,0,,0,0,0,,0,0,0,0,,0,0,0,,0,0,0,0,0,0,0,0,,1,0
1,1.694707,1,,-30.89338,3.5,170.5666,0,0,0,0,0,0,,0,0,0,,0,0,0,0,0,,0,0,0,0,0,,0,0,0,0,,0,0,,0,0,0,0,,0,0,0,,0,0,0,0,,0,0,0,,0,0,0,0,0,0,0,0,,0,1
1,1.725986,1,,-30.89338,3.5,174.5799,0,0,0,0,0,0,,0,0,0,,0,0,0,0,0,,0,0,0,0,0,,0,0,0,0,,0,0,,0,0,0,0,,0,0,0,,0,0,0,0,,0,0,0,,0,0,0,0,0,0,0,0,,0,1
1,1.752554,1,,-30.33037,3.5,182.7466,0,0,0,0,0,0,,0,0,0,,0,0,0,0,0,,0,0,0,0,0,,0,0,0,0,,0,0,,0,0,0,0,,0,0,0,,0,0,0,0,,0,0,0,,0,0,0,0,0,0,0,0,,0,1
1,1.780704,1,,-29.28913,3.5,186.8999,0,0,0,0,0,0,,0,0,0,,0,0,0,0,0,,0,0,0,0,0,,0,0,0,0,,0,0,,0,0,0,0,,0,0,0,,0,0,0,0,,0,0,0,,0,0,0,0,0,0,0,0,,0,1
1,1.806515,1,,-27.7412,3.5,191.0999,0,0,0,0,0,0,,0,0,0,,0,0,0,0,0,,0,0,0,0,0,,0,0,0,0,,0,0,,0,0,0,0,,0,0,0,,0,0,0,0,,0,0,0,,0,0,0,0,0,0,0,0,,0,1
1,1.834146,1,,-25.72866,3.5,199.6399,0,0,0,0,0,0,,0,0,0,,0,0,0,0,0,,0,0,0,0,0,,0,0,0,0,,0,0,,0,0,0,0,,0,0,0,,0,0,0,0,,0,0,0,,0,0,0,0,0,0,0,0,,0,1
1,1.862744,1,,-23.21877,3.5,203.9799,0,0,0,0,0,0,,0,0,0,,0,0,0,0,0,,0,0,0,0,0,,0,0,0,0,,0,0,,0,0,0,0,,0,0,0,,0,0,0,0,,0,0,0,,0,0,0,0,0,0,0,0,,0,1
1,1.888688,1,,-20.19411,3.5,212.7999,0,0,0,0,0,0,,0,0,0,,0,0,0,0,0,,0,0,0,0,0,,0,0,0,0,,0,0,,0,0,0,0,,0,0,0,,0,0,0,0,,0,0,0,,0,0,0,0,0,0,0,0,,0,1
1,1.917757,1,,-16.70246,3.5,217.2799,0,0,0,0,0,0,,0,0,0,,0,0,0,0,0,,0,0,0,0,0,,0,0,0,0,,0,0,,0,0,0,0,,0,0,0,,0,0,0,0,,0,0,0,,0,0,0,0,0,0,0,0,,0,1
1,1.944466,1,,-12.68756,3.5,221.8066,0,0,0,0,0,0,,0,0,0,,0,0,0,0,0,,0,0,0,0,0,,0,0,0,0,,0,0,,0,0,0,0,,0,0,0,,0,0,0,0,,0,0,0,,0,0,0,0,0,0,0,0,,0,1
1,1.970266,1,,-8.191905,3.5,230.9999,0,0,0,0,0,0,,0,0,0,,0,0,0,0,0,,0,0,0,0,0,,0,0,0,0,,0,0,,0,0,0,0,,0,0,0,,0,0,0,0,,0,0,0,,0,0,0,0,0,0,0,0,,0,1
1,1.998904,1,,-3.231858,3.5,235.6665,0,0,0,0,0,0,,0,0,0,,0,0,0,0,0,,0,0,0,0,0,,0,0,0,0,,0,0,,0,0,0,0,,0,0,0,,0,0,0,0,,0,0,0,,0,0,0,0,0,0,0,0,,0,1
1,2.024963,1,,2.243688,3.5,240.3799,0,0,0,0,0,0,,0,0,0,,0,0,0,0,0,,0,0,0,0,0,,0,0,0,0,,0,0,,0,0,0,0,,0,0,0,,0,0,0,0,,0,0,0,,0,0,0,0,0,0,0,0,,0,1
1,2.052674,1,,8.188279,3.5,249.9465,0,0,0,0,0,0,,0,0,0,,0,0,0,0,0,,0,0,0,0,0,,0,0,0,0,,0,0,,0,0,0,0,,0,0,0,,0,0,0,0,,0,0,0,,0,0,0,0,0,0,0,0,,0,1
1,2.093202,1,,14.18828,3.5,259.6999,0,0,0,0,0,0,,0,0,0,,0,0,0,0,0,,0,0,0,0,0,,0,0,0,0,,0,0,,0,0,0,0,,0,0,0,,0,0,0,0,,0,0,0,,0,0,0,0,0,0,0,0,,0,1
1,2.119723,1,,20.18828,3.5,264.6465,0,0,0,0,0,0,,0,0,0,,0,0,0,0,0,,0,0,0,0,0,,0,0,0,0,,0,0,,0,0,0,0,,0,0,0,,0,0,0,0,,0,0,0,,0,0,0,0,0,0,0,0,,0,1
1,2.150191,1,,26.18828,3.5,274.6798,0,0,0,0,0,0,,0,0,0,,0,0,0,0,0,,0,0,0,0,0,,0,0,0,0,,0,0,,0,0,0,0,,0,0,0,,0,0,0,0,,0,0,0,,0,0,0,0,0,0,0,0,,0,0
1,2.183561,1,,31.63987,3.5,279.7665,0,0,0,0,0,0,,0,0,0,,0,0,0,0,0,,0,0,0,0,0,,0,0,0,0,,0,0,,0,0,0,0,,0,0,0,,0,0,0,0,,0,0,0,,0,0,0,0,0,0,0,0,,1,0
1,2.214233,1,,31.63987,3.5,290.0798,0,0,0,0,0,0,,0,0,0,,0,0,0,0,0,,0,0,0,0,0,,0,0,0,0,,0,0,,0,0,0,0,,0,0,0,,0,0,0,0,,0,0,0,,0,0,0,0,0,0,0,0,,1,0
1,2.240784,1,,31.08778,3.5,295.3065,0,0,0,0,0,0,,0,0,0,,0,0,0,0,0,,0,0,0,0,0,,0,0,0,0,,0,0,,0,0,0,0,,0,0,0,,0,0,0,0,,0,0,0,,0,0,0,0,0,0,0,0,,1,0
1,2.26911,1,,30.05777,3.5,305.8998,0,0,0,0,0,0,,0,0,0,,0,0,0,0,0,,0,0,0,0,0,,0,0,0,0,,0,0,,0,0,0,0,,0,0,0,,0,0,0,0,,0,0,0,,0,0,0,0,0,0,0,0,,1,0
1,2.306884,1,,28.51788,3.5,311.2665,0,0,0,0,0,0,,0,0,0,,0,0,0,0,0,,0,0,0,0,0,,0,0,0,0,,0,0,,0,0,0,0,,0,0,0,,0,0,0,0,,0,0,0,,0,0,0,0,0,0,0,0,,1,0
1,2.333935,1,,26.29808,3.5,322.1398,0,0,0,0,0,0,,0,0,0,,0,0,0,0,0,,0,0,0,0,0,,0,0,0,0,,0,0,,0,0,0,0,,0,0,0,,0,0,0,0,,0,0,0,,0,0,0,0,0,0,0,0,,1,0
1,2.362418,1,,23.59136,3.5,327.6465,0,0,0,0,0,0,,0,0,0,,0,0,0,0,0,,0,0,0,0,0,,0,0,0,0,,0,0,,0,0,0,0,,0,0,0,,0,0,0,0,,0,0,0,,0,0,0,0,0,0,0,0,,1,0
1,2.388977,1,,20.37194,3.5,338.7998,0,0,0,0,0,0,,0,0,0,,0,0,0,0,0,,0,0,0,0,0,,0,0,0,0,,0,0,,0,0,0,0,,0,0,0,,0,0,0,0,,0,0,0,,0,0,0,0,0,0,0,0,,1,0
1,2.41767,1,,16.67445,3.5,344.4464,0,0,0,0,0,0,,0,0,0,,0,0,0,0,0,,0,0,0,0,0,,0,0,0,0,,0,0,,0,0,0,0,,0,0,0,,0,0,0,0,,0,0,0,,0,0,0,0,0,0,0,0,,1,0
1,2.445169,1,,12.46049,3.5,350.1398,0,0,0,0,0,0,,0,0,0,,0,0,0,0,0,,0,0,0,0,0,,0,0,0,0,,0,0,,0,0,0,0,,0,0,0,,0,0,0,0,,0,0,0,,0,0,0,0,0,0,0,0,,1,0
1,2.47236,1,,7.751546,3.5,361.6664,0,0,0,0,0,0,,0,0,0,,0,0,0,0,0,,0,0,0,0,0,,0,0,0,0,,0,0,,0,0,0,0,,0,0,0,,0,0,0,0,,0,0,0,,0,0,0,0,0,0,0,0,,1,0
1,2.501749,1,,2.55317,3.5,367.4998,0,0,0,0,0,0,,0,0,0,,0,0,0,0,0,,0,0,0,0,0,,0,0,0,0,,0,0,,0,0,0,0,,0,0,0,,0,0,0,0,,0,0,0,,0,0,0,0,0,0,0,0,,1,0
1,2.534076,1,,-3.174207,3.5,379.3064,0,0,0,0,0,0,,0,0,0,,0,0,0,0,0,,0,0,0,0,0,,0,0,0,0,,0,0,,0,0,0,0,,0,0,0,,0,0,0,0,,0,0,0,,0,0,0,0,0,0,0,0,,0,1
1,2.567061,1,,-3.174207,3.5,385.2798,0,0,0,0,0,0,,0,0,0,,0,0,0,0,0,,0,0,0,0,0,,0,0,0,0,,0,0,,0,0,0,0,,0,0,0,,0,0,0,0,,0,0,0,,0,0,0,0,0,0,0,0,,0,1
1,2.59999,1,,-2.580473,3.5,397.3664,0,0,0,0,0,0,,0,0,0,,0,0,0,0,0,,0,0,0,0,0,,0,0,0,0,,0,0,,0,0,0,0,,0,0,0,,0,0,0,0,,0,0,0,,0,0,0,0,0,0,0,0,,0,1
1,2.628267,1,,-1.394023,3.5,409.6397,0,0,0,0,0,0,,0,0,0,,0,0,0,0,0,,0,0,0,0,0,,0,0,0,0,,0,0,,0,0,0,0,,0,0,0,,0,0,0,0,,0,0,0,,0,0,0,0,0,0,0,0,,0,1
1,2.655573,1,,0.3014078,3.5,415.8464,0,0,0,0,0,0,,0,0,0,,0,0,0,0,0,,0,0,0,0,0,,0,0,0,0,,0,0,,0,0,0,0,,0,0,0,,0,0,0,0,,0,0,0,,0,0,0,0,0,0,0,0,,0,1
1,2.68382,1,,2.488347,3.5,422.0997,0,0,0,0,0,0,,0,0,0,,0,0,0,0,0,,0,0,0,0,0,,0,0,0,0,,0,0,,0,0,0,0,,0,0,0,,0,0,0,0,,0,0,0,,0,0,0,0,0,0,0,0,,0,1
1,2.711693,1,,5.183726,3.5,434.7464,0,0,0,0,0,0,,0,0,0,,0,0,0,0,0,,0,0,0,0,0,,0,0,0,0,,0,0,,0,0,0,0,,0,0,0,,0,0,0,0,,0,0,0,,0,0,0,0,0,0,0,0,,0,1
1,2.73934,1,,8.380819,3.5,441.1397,0,0,0,0,0,0,,0,0,0,,0,0,0,0,0,,0,0,0,0,0,,0,0,0,0,,0,0,,0,0,0,0,,0,0,0,,0,0,0,0,,0,0,0,,0,0,0,0,0,0,0,0,,0,1
1,2.768918,1,,12.07557,3.5,454.0664,0,0,0,0,0,0,,0,0,0,,0,0,0,0,0,,0,0,0,0,0,,0,0,0,0,,0,0,,0,0,0,0,,0,0,0,,0,0,0,0,,0,0,0,,0,0,0,0,0,0,0,0,,0,1
1,2.807991,1,,16.30271,3.5,467.1797,0,0,0,0,0,0,,0,0,0,,0,0,0,0,0,,0,0,0,0,0,,0,0,0,0,,0,0,,0,0,0,0,,0,0,0,,0,0,0,0,,0,0,0,,0,0,0,0,0,0,0,0,,0,1
1,2.847837,1,,21.23317,3.5,480.4797,0,0,0,0,0,0,,0,0,0,,0,0,0,0,0,,0,0,0,0,0,,0,0,0,0,,0,0,,0,0,0,0,,0,0,0,,0,0,0,0,,0,0,0,,0,0,0,0,0,0,0,0,,0,1
1,2.876194,1,,26.88086,3.5,487.1997,0,0,0,0,0,0,,0,0,0,,0,0,0,0,0,,0,0,0,0,0,,0,0,0,0,,0,0,,0,0,0,0,,0,0,0,,0,0,0,0,,0,0,0,,0,0,0,0,0,0,0,0,,0,1
1,2.903249,1,,32.88086,3.5,493.9663,0,0,0,0,0,0,,0,0,0,,0,0,0,0,0,,0,0,0,0,0,,0,0,0,0,,0,0,,0,0,0,0,,0,0,0,,0,0,0,0,,0,0,0,,0,0,0,0,0,0,0,0,,0,1
1,2.932691,1,,38.88086,3.5,507.6396,0,0,0,0,0,0,,0,0,0,,0,0,0,0,0,,0,0,0,0,0,,0,0,0,0,,0,0,,0,0,0,0,,0,0,0,,0,0,0,0,,0,0,0,,0,0,0,0,0,0,0,0,,0,1
1,2.966436,1,,44.88086,3.5,514.5463,0,0,0,0,0,0,,0,0,0,,0,0,0,0,0,,0,0,0,0,0,,0,0,0,0,,0,0,,0,0,0,0,,0,0,0,,0,0,0,0,,0,0,0,,0,0,0,0,0,0,0,0,,1,0
1,2.99833,1,,44.88086,3.5,528.4996,0,0,0,0,0,0,,0,0,0,,0,0,0,0,0,,0,0,0,0,0,,0,0,0,0,,0,0,,0,0,0,0,,0,0,0,,0,0,0,0,,0,0,0,,0,0,0,0,0,0,0,0,,1,0
1,2.99833,1,,44.88086,3.5,528.4996,0,0,0,0,0,0,,0,0,0,,0,0,0,0,0,,0,0,0,0,0,,0,0,0,0,,0,0,,0,0,0,0,,0,0,0,,0,0,0,0,,0,0,0,,0,0,0,0,0,0,0,0,,1,0
1,2.99833,1,,44.88086,3.5,528.4996,0,0,0,0,0,0,,0,0,0,,0,0,0,0,0,,0,0,0,0,0,,1,1,0,0,,0,0,,0,0,0,0,,0,0,0,,0,0,0,0,,0,0,0,,0,0,0,0,0,0,0,0,,1,0
1,3.029881,1,,44.30676,3.5,542.4996,0,0,0,0,0,0,,0,0,0,,0,0,0,0,0,,0,0,0,0,0,,1,1,0,0,,0,0,,0,0,0,0,,0,0,0,,0,0,0,0,,0,0,0,,0,0,0,0,0,0,0,0,,1,0
1,3.097889,1,,43.16475,3.5,563.4996,0,0,0,0,0,0,,0,0,0,,0,0,0,0,0,,0,0,0,0,0,,1,1,0,0,,0,0,,0,0,0,0,,0,0,0,,0,0,0,0,,0,0,0,,0,0,0,0,0,0,0,0,,1,0
1,3.120048,1,,40.7986,3.5,570.4996,0,0,0,0,0,0,,0,0,0,,0,0,0,0,0,,0,0,0,0,0,,1,1,0,0,,0,0,,0,0,0,0,,0,0,0,,0,0,0,0,,0,0,0,,0,0,0,0,0,0,0,0,,1,0
1,3.144928,1,,38.03359,3.5,577.4996,0,0,0,0,0,0,,0,0,0,,0,0,0,0,0,,0,0,0,0,0,,1,1,0,0,,0,0,,0,0,0,0,,0,0,0,,0,0,0,0,,0,0,0,,0,0,0,0,0,0,0,0,,1,0
1,3.168771,1,,34.82074,3.5,591.4996,0,0,0,0,0,0,,0,0,0,,0,0,0,0,0,,0,0,0,0,0,,1,1,0,0,,0,0,,0,0,0,0,,0,0,0,,0,0,0,0,,0,0,0,,0,0,0,0,0,0,0,0,,1,0
1,3.193882,1,,31.17872,3.5,598.4996,0,0,0,0,0,0,,0,0,0,,0,0,0,0,0,,0,0,0,0,0,,1,1,0,0,,0,0,,0,0,0,0,,0,0,0,,0,0,0,0,,0,0,0,,0,0,0,0,0,0,0,0,,1,0
1,3.217228,1,,27.08469,3.5,605.4996,0,0,0,0,0,0,,0,0,0,,0,0,0,0,0,,0,0,0,0,0,,1,1,0,0,,0,0,,0,0,0,0,,0,0,0,,0,0,0,0,,0,0,0,,0,0,0,0,0,0,0,0,,1,0
1,3.241631,1,,22.57044,3.5,612.4996,0,0,0,0,0,0,,0,0,0,,0,0,0,0,0,,0,0,0,0,0,,1,1,0,0,,0,0,,0,0,0,0,,0,0,0,,0,0,0,0,,0,0,0,,0,0,0,0,0,0,0,0,,1,0
1,3.26663,1,,17.61693,3.5,619.4996,0,0,0,0,0,0,,0,0,0,,0,0,0,0,0,,0,0,0,0,0,,1,1,0,0,,0,0,,0,0,0,0,,0,0,0,,0,0,0,0,,0,0,0,,0,0,0,0,0,0,0,0,,1,0
1,3.290911,1,,12.21345,3.5,633.4996,0,0,0,0,0,0,,0,0,0,,0,0,0,0,0,,0,0,0,0,0,,1,1,0,0,,0,0,,0,0,0,0,,0,0,0,,0,0,0,0,,0,0,0,,0,0,0,0,0,0,0,0,,1,0
1,3.315892,1,,6.372899,3.5,640.4996,0,0,0,0,0,0,,0,0,0,,0,0,0,0,0,,0,0,0,0,0,,1,1,0,0,,0,0,,0,0,0,0,,0,0,0,,0,0,0,0,,0,0,0,,0,0,0,0,0,0,0,0,,1,0
1,3.315892,1,,6.372899,3.5,640.4996,0,0,0,0,0,0,,0,0,0,,0,0,0,0,0,,0,0,0,0,0,,1,1,0,0,,0,0,,0,0,0,0,,0,0,0,,0,0,0,0,,0,0,0,,1,52,3.5,1605.5,0,0,0,0,,1,0
1,3.315892,1,,6.372899,3.5,640.4996,0,0,0,0,0,0,,0,0,0,,0,0,0,0,0,,0,0,0,0,0,,1,1,0,0,,0,0,,0,0,0,0,,0,0,0,,0,0,0,0,,0,0,0,,1,0,3.5,2605.5,0,0,0,0,,1,0
1,3.339568,1,,0.3728986,3.5,647.4996,0,0,0,0,0,0,,0,0,0,,0,0,0,0,0,,0,0,0,0,0,,1,1,0,0,,0,0,,0,0,0,0,,0,0,0,,0,0,0,0,,0,0,0,,0,0,0,0,0,0,0,0,,1,0
1,3.399678,1,,-5.627101,3.5,668.4996,0,0,0,0,0,0,,0,0,0,,0,0,0,0,0,,0,0,0,0,0,,1,1,0,0,,0,0,,0,0,0,0,,0,0,0,,0,0,0,0,,0,0,0,,0,0,0,0,0,0,0,0,,1,0
1,3.425705,1,,-11.6271,3.5,675.4996,0,0,0,0,0,0,,0,0,0,,0,0,0,0,0,,0,0,0,0,0,,1,1,0,0,,0,0,,0,0,0,0,,0,0,0,,0,0,0,0,,0,0,0,,0,0,0,0,0,0,0,0,,1,0
1,3.452167,1,,-17.6271,3.5,689.4996,0,0,0,0,0,0,,0,0,0,,0,0,0,0,0,,0,0,0,0,0,,1,1,0,0,,0,0,,0,0,0,0,,0,0,0,,0,0,0,0,,0,0,0,,0,0,0,0,0,0,0,0,,1,0
1,3.476822,1,,-23.6271,3.5,696.4996,0,0,0,0,0,0,,0,0,0,,0,0,0,0,0,,0,0,0,0,0,,1,1,0,0,,0,0,,0,0,0,0,,0,0,0,,0,0,0,0,,0,0,0,,0,0,0,0,0,0,0,0,,1,0
1,3.505572,1,,-29.6271,3.5,703.4996,0,0,0,0,0,0,,0,0,0,,0,0,0,0,0,,0,0,0,0,0,,1,1,0,0,,0,0,,0,0,0,0,,0,0,0,,0,0,0,0,,0,0,0,,0,0,0,0,0,0,0,0,,0,1
1,3.540545,1,,-29.6271,3.5,717.4996,0,0,0,0,0,0,,0,0,0,,0,0,0,0,0,,0,0,0,0,0,,1,1,0,0,,0,0,,0,0,0,0,,0,0,0,,0,0,0,0,,0,0,0,,0,0,0,0,0,0,0,0,,0,1
1,3.565561,1,,-28.9976,3.5,724.4996,0,0,0,0,0,0,,0,0,0,,0,0,0,0,0,,0,0,0,0,0,,1,1,0,0,,0,0,,0,0,0,0,,0,0,0,,0,0,0,0,,0,0,0,,0,0,0,0,0,0,0,0,,0,1
1,3.588396,1,,-27.91781,3.5,738.4996,0,0,0,0,0,0,,0,0,0,,0,0,0,0,0,,0,0,0,0,0,,1,1,0,0,,0,0,,0,0,0,0,,0,0,0,,0,0,0,0,,0,0,0,,0,0,0,0,0,0,0,0,,0,1
1,3.614608,1,,-26.42698,3.5,745.4996,0,0,0,0,0,0,,0,0,0,,0,0,0,0,0,,0,0,0,0,0,,1,1,0,0,,0,0,,0,0,0,0,,0,0,0,,0,0,0,0,,0,0,0,,0,0,0,0,0,0,0,0,,0,1
1,3.637502,1,,-24.46434,3.5,752.4996,0,0,0,0,0,0,,0,0,0,,0,0,0,0,0,,0,0,0,0,0,,1,1,0,0,,0,0,,0,0,0,0,,0,0,0,,0,0,0,0,,0,0,0,,0,0,0,0,0,0,0,0,,0,1
1,3.662725,1,,-22.0896,3.5,759.4996,0,0,0,0,0,0,,0,0,0,,0,0,0,0,0,,0,0,0,0,0,,1,1,0,0,,0,0,,0,0,0,0,,0,0,0,,0,0,0,0,,0,0,0,,0,0,0,0,0,0,0,0,,0,1
1,3.685678,1,,-19.26084,3.5,766.4996,0,0,0,0,0,0,,0,0,0,,0,0,0,0,0,,0,0,0,0,0,,1,1,0,0,,0,0,,0,0,0,0,,0,0,0,,0,0,0,0,,0,0,0,,0,0,0,0,0,0,0,0,,0,1
1,3.711734,1,,-16.01895,3.5,780.4996,0,0,0,0,0,0,,0,0,0,,0,0,0,0,0,,0,0,0,0,0,,1,1,0,0,,0,0,,0,0,0,0,,0,0,0,,0,0,0,0,,0,0,0,,0,0,0,0,0,0,0,0,,0,1
1,3.737806,1,,-12.30803,3.5,787.4996,0,0,0,0,0,0,,0,0,0,,0,0,0,0,0,,0,0,0,0,0,,1,1,0,0,,0,0,,0,0,0,0,,0,0,0,,0,0,0,0,,0,0,0,,0,0,0,0,0,0,0,0,,0,0
1,3.765299,1,,-9.066394,3.5,794.4996,0,0,0,0,0,0,,0,0,0,,0,0,0,0,0,,0,0,0,0,0,,1,1,0,0,,0,0,,0,0,0,0,,0,0,0,,0,0,0,0,,0,0,0,,0,0,0,0,0,0,0,0,,0,0
1,3.781884,1,,-6.319646,3.5,801.4996,0,0,0,0,0,0,,0,0,0,,0,0,0,0,0,,0,0,0,0,0,,1,1,0,0,,0,0,,0,0,0,0,,0,0,0,,0,0,0,0,,0,0,0,,0,0,0,0,0,0,0,0,,0,0
1,3.80407,1,,-3.871419,3.5,808.4996,0,0,0,0,0,0,,0,0,0,,0,0,0,0,0,,0,0,0,0,0,,1,1,0,0,,0,0,,0,0,0,0,,0,0,0,,0,0,0,0,,0,0,0,,0,0,0,0,0,0,0,0,,0,0
1,3.829355,1,,-1.822536,3.5,822.4996,0,0,0,0,0,0,,0,0,0,,0,0,0,0,0,,0,0,0,0,0,,1,1,0,0,,0,0,,0,0,0,0,,0,0,0,,0,0,0,0,,0,0,0,,0,0,0,0,0,0,0,0,,0,0
1,3.852805,1,,-0.2287946,3.5,829.4996,0,0,0,0,0,0,,0,0,0,,0,0,0,0,0,,0,0,0,0,0,,1,1,0,0,,0,0,,0,0,0,0,,0,0,0,,0,0,0,0,,0,0,0,,0,0,0,0,0,0,0,0,,0,0
1,3.877512,1,,0.94284,3.5,836.4996,0,0,0,0,0,0,,0,0,0,,0,0,0,0,0,,0,0,0,0,0,,1,1,0,0,,0,0,,0,0,0,0,,0,0,0,,0,0,0,0,,0,0,0,,0,0,0,0,0,0,0,0,,0,0
1,3.901224,1,,1.669761,3.5,843.4996,0,0,0,0,0,0,,0,0,0,,0,0,0,0,0,,0,0,0,0,0,,1,1,0,0,,0,0,,0,0,0,0,,0,0,0,,0,0,0,0,,0,0,0,,0,0,0,0,0,0,0,0,,0,0
1,3.925061,1,,1.969854,3.5,850.4996,0,0,0,0,0,0,,0,0,0,,0,0,0,0,0,,0,0,0,0,0,,1,1,0,0,,0,0,,0,0,0,0,,0,0,0,,0,0,0,0,,0,0,0,,0,0,0,0,0,0,0,0,,0,0
1,3.925061,1,,1.969854,3.5,850.4996,0,0,0,0,0,0,,0,0,0,,0,0,0,0,0,,0,0,0,0,0,,0,0,1,0.9241647,,0,0,,0,0,0,0,,0,0,0,,0,0,0,0,,0,0,0,,0,0,0,0,0,0,0,0,,0,0
1,3.925061,1,,1.969854,3.5,850.4996,0,0,0,0,0,0,,0,0,0,,0,0,0,0,0,,0,0,0,0,0,,0,0,1,0.9241647,,0,0,,0.9241647,0,0,0,,0,0,0,,0,0,0,0,,0,0,0,,0,0,0,0,0,0,0,0,,0,0
1,3.925061,1,,1.969854,3.5,850.4996,0,0,0,0,0,0,,0,0,0,,0,0,0,0,0,,0,0,0,0,0,,0,0,1,0.9241647,,0,0,,0,0,0,0,,0,0,0,,0,0,0,0,,0,0,0,,0,0,0,0,0,0,0,0,,0,0
1,3.925061,1,,1.969854,3.5,850.4996,0,0,0,0,0,0,,0,0,0,,0,0,0,0,0,,0,0,0,0,0,,0,0,0,0,,0,0,,0,0,0,0,,0,0,0,,0,0,0,0,,0,0,0,,0,0,0,0,0,0,0,0,,0,0
1,3.925061,1,,1.969854,3.5,850.4996,0,0,0,0,0,0,,0,0,0,,0,0,0,0,0,,0,0,0,0,0,,0,0,0,0,,1,0,,0,0,0,0,,0,0,0,,0,0,0,0,,0,0,0,,0,0,0,0,0,0,0,0,,0,0
1,3.925061,1,,1.969854,3.5,850.4996,0,0,0,0,0,0,,0,0,0,,0,0,0,0,0,,0,0,0,0,0,,0,0,0,0,,0,0,,0,0,0,0,,0,0,0,,0,0,0,0,,0,0,0,,0,0,0,0,0,0,0,0,,0,0
1,3.954046,1,,1.969854,3.5,864.4996,0,0,0,0,0,0,,0,0,0,,0,0,0,0,0,,0,0,0,0,0,,0,0,0,0,,0,0,,0,0,0,0,,0,0,0,,0,0,0,0,,0,0,0,,0,0,0,0,0,0,0,0,,0,0
1,4.075383,1,,1.969854,3.5,906.4996,0,0,0,0,0,0,,0,0,0,,0,0,0,0,0,,0,0,0,0,0,,0,0,0,0,,0,0,,0,0,0,0,,0,0,0,,0,0,0,0,,0,0,0,,0,0,0,0,0,0,0,0,,0,0
1,4.105525,1,,1.969854,3.5,913.4996,0,0,0,0,0,0,,0,0,0,,0,0,0,0,0,,0,0,0,0,0,,0,0,0,0,,0,0,,0,0,0,0,,0,0,0,,0,0,0,0,,0,0,0,,0,0,0,0,0,0,0,0,,0,0
1,4.105525,1,,1.969854,3.5,913.4996,0,3.5,965,0,0,0,,0,0,0,,0,0,0,0,0,,0,0,0,0,0,,0,0,0,0,,0,0,,0,0,0,0,,0,0,0,,0,0,0,0,,0,0,0,,0,0,0,0,0,0,0,0,,0,0
1,4.105525,1,,1.969854,3.5,913.4996,52,3.5,965,0,0,0,,0,0,0,,0,0,0,0,0,,0,0,0,0,0,,0,0,0,0,,0,0,,0,0,0,0,,0,0,0,,0,0,0,0,,0,0,0,,0,0,0,0,0,0,0,0,,0,0
1,4.138809,1,,1.969854,3.5,927.4996,0,0,0,0,0,0,,0,0,0,,0,0,0,0,0,,0,0,0,0,0,,0,0,0,0,,0,0,,0,0,0,0,,0,0,0,,0,0,0,0,,0,0,0,,0,0,0,0,0,0,0,0,,0,0
1,4.138809,1,,1.969854,3.5,927.4996,0,3.5,965,0,0,0,,0,0,0,,0,0,0,0,0,,0,0,0,0,0,,0,0,0,0,,0,0,,0,0,0,0,,0,0,0,,0,0,0,0,,0,0,0,,0,0,0,0,0,0,0,0,,0,0
1,4.138809,1,,1.969854,3.5,927.4996,52,3.5,965,0,0,0,,0,0,0,,0,0,0,0,0,,0,0,0,0,0,,0,0,0,0,,0,0,,0,0,0,0,,0,0,0,,0,0,0,0,,0,0,0,,0,0,0,0,0,0,0,0,,0,0
1,4.19261,1,,1.969854,3.5,948.4996,0,0,0,0,0,0,,0,0,0,,1,1.969854,3.5,934.4996,1,,0,0,0,0,0,,0,0,0,0,,0,0,,0,0,0,0,,0,0,0,,0,0,0,0,,0,0,0,,0,0,0,0,0,0,0,0,,0,0
1,4.19261,1,,1.969854,3.5,948.4996,0,3.5,965,0,0,0,,0,0,0,,1,1.969854,3.5,934.4996,1,,0,0,0,0,0,,0,0,0,0,,0,0,,0,0,0,0,,0,0,0,,0,0,0,0,,0,0,0,,0,0,0,0,0,0,0,0,,0,0
1,4.19261,1,,1.969854,3.5,948.4996,52,3.5,965,0,0,0,,0,0,0,,1,1.969854,3.5,934.4996,1,,0,0,0,0,0,,0,0,0,0,,0,0,,0,0,0,0,,0,0,0,,0,0,0,0,,0,0,0,,0,0,0,0,0,0,0,0,,0,0
1,4.25675,1,,1.969854,3.5,969.4996,0,0,0,0,0,0,,1,1,0,,0,0,0,0,1,,0,0,0,0,0,,0,0,0,0,,0,0,,0,0,0,0,,0,0,0,,0,0,0,0,,0,0,0,,0,0,0,0,0,0,0,0,,0,0
1,4.313746,1,,1.969854,3.5,990.4996,0,0,0,0,0,0,,1,1,0,,0,0,0,0,1,,0,0,0,0,0,,0,0,0,0,,0,0,,0,0,0,0,,0,0,0,,0,0,0,0,,0,0,0,,0,0,0,0,0,0,0,0,,1,0
1,4.339799,1,,0.9439168,3.5,997.4996,0,0,0,0,0,0,,1,1,0,,0,0,0,0,1,,0,0,0,0,0,,0,0,0,0,,0,0,,0,0,0,0,,0,0,0,,0,0,0,0,,0,0,0,,0,0,0,0,0,0,0,0,,1,0
1,4.36372,1,,-0.5509652,3.5,1004.5,0,0,0,0,0,0,,1,1,0,,0,0,0,0,1,,0,0,0,0,0,,0,0,0,0,,0,0,,0,0,0,0,,0,0,0,,0,0,0,0,,0,0,0,,0,0,0,0,0,0,0,0,,1,0
1,4.385717,1,,-2.476427,3.5,1011.5,0,0,0,0,0,0,,1,1,0,,0,0,0,0,1,,0,0,0,0,0,,0,0,0,0,,0,0,,0,0,0,0,,0,0,0,,0,0,0,0,,0,0,0,,0,0,0,0,0,0,0,0,,1,0
1,4.410521,1,,-4.797839,3.5,1025.5,0,0,0,0,0,0,,1,1,0,,0,0,0,0,1,,0,0,0,0,0,,0,0,0,0,,0,0,,0,0,0,0,,0,0,0,,0,0,0,0,,0,0,0,,0,0,0,0,0,0,0,0,,1,0
1,4.437186,1,,-7.565713,3.5,1032.5,0,0,0,0,0,0,,1,1,0,,0,0,0,0,1,,0,0,0,0,0,,0,0,0,0,,0,0,,0,0,0,0,,0,0,0,,0,0,0,0,,0,0,0,,0,0,0,0,0,0,0,0,,1,0
1,4.460822,1,,-10.81357,3.5,1039.5,0,0,0,0,0,0,,1,1,0,,0,0,0,0,1,,0,0,0,0,0,,0,0,0,0,,0,0,,0,0,0,0,,0,0,0,,0,0,0,0,,0,0,0,,0,0,0,0,0,0,0,0,,1,0
1,4.483142,1,,-14.48688,3.5,1046.5,0,0,0,0,0,0,,1,1,0,,0,0,0,0,1,,0,0,0,0,0,,0,0,0,0,,0,0,,0,0,0,0,,0,0,0,,0,0,0,0,,0,0,0,,0,0,0,0,0,0,0,0,,1,0
1,4.505855,1,,-18.56195,3.5,1053.5,0,0,0,0,0,0,,1,1,0,,0,0,0,0,1,,0,0,0,0,0,,0,0,0,0,,0,0,,0,0,0,0,,0,0,0,,0,0,0,0,,0,0,0,,0,0,0,0,0,0,0,0,,1,0
1,4.530835,1,,-23.04585,3.5,1067.5,0,0,0,0,0,0,,1,1,0,,0,0,0,0,1,,0,0,0,0,0,,0,0,0,0,,0,0,,0,0,0,0,,0,0,0,,0,0,0,0,,0,0,0,,0,0,0,0,0,0,0,0,,1,0
1,4.554717,1,,-27.97939,3.5,1074.5,0,0,0,0,0,0,,1,1,0,,0,0,0,0,1,,0,0,0,0,0,,0,0,0,0,,0,0,,0,0,0,0,,0,0,0,,0,0,0,0,,0,0,0,,0,0,0,0,0,0,0,0,,1,0
1,4.57979,1,,-33.3428,3.5,1081.5,0,0,0,0,0,0,,1,1,0,,0,0,0,0,1,,0,0,0,0,0,,0,0,0,0,,0,0,,0,0,0,0,,0,0,0,,0,0,0,0,,0,0,0,,0,0,0,0,0,0,0,0,,1,0
1,4.602531,1,,-39.15754,3.5,1088.5,0,0,0,0,0,0,,1,1,0,,0,0,0,0,1,,0,0,0,0,0,,0,0,0,0,,0,0,,0,0,0,0,,0,0,0,,0,0,0,0,,0,0,0,,0,0,0,0,0,0,0,0,,1,0
1,4.627372,1,,-45.15754,3.5,1095.5,0,0,0,0,0,0,,1,0,0,,0,0,0,0,1,,0,0,0,0,0,,0,0,0,0,,0,0,,0,0,0,0,,0,0,0,,0,0,0,0,,0,0,0,,0,0,0,0,0,0,0,0,,1,0
1,4.653362,1,,-50,3.5,1109.5,0,0,0,0,0,0,,1,0,0,,0,0,0,0,1,,0,0,0,0,0,,0,0,0,0,,0,0,,0,0,0,0,,0,0,0,,0,0,0,0,,0,0,0,,0,0,0,0,0,0,0,0,,0,0
1,4.681459,1,,-50,3.5,1116.5,0,0,0,0,0,0,,1,0,0,,0,0,0,0,1,,0,0,0,0,0,,0,0,0,0,,0,0,,0,0,0,0,,0,0,0,,0,0,0,0,,0,0,0,,0,0,0,0,0,0,0,0,,0,1
1,4.714603,1,,-50,3.5,1130.5,0,0,0,0,0,0,,1,0,0,,0,0,0,0,1,,0,0,0,0,0,,0,0,0,0,,0,0,,0,0,0,0,,0,0,0,,0,0,0,0,,0,0,0,,0,0,0,0,0,0,0,0,,0,1
1,4.738107,1,,-49.40342,3.5,1137.5,0,0,0,0,0,0,,1,0,0,,0,0,0,0,1,,0,0,0,0,0,,0,0,0,0,,0,0,,0,0,0,0,,0,0,0,,0,0,0,0,,0,0,0,,0,0,0,0,0,0,0,0,,0,1
1,4.763003,1,,-48.38376,3.5,1144.5,0,0,0,0,0,0,,1,0,0,,0,0,0,0,1,,0,0,0,0,0,,0,0,0,0,,0,0,,0,0,0,0,,0,0,0,,0,0,0,0,,0,0,0,,0,0,0,0,0,0,0,0,,0,1
1,4.786937,1,,-46.91597,3.5,1151.5,0,0,0,0,0,0,,1,0,0,,0,0,0,0,1,,0,0,0,0,0,,0,0,0,0,,0,0,,0,0,0,0,,0,0,0,,0,0,0,0,,0,0,0,,0,0,0,0,0,0,0,0,,0,1
1,4.810628,1,,-45.01738,3.5,1165.5,0,0,0,0,0,0,,1,0,0,,0,0,0,0,1,,0,0,0,0,0,,0,0,0,0,,0,0,,0,0,0,0,,0,0,0,,0,0,0,0,,0,0,0,,0,0,0,0,0,0,0,0,,0,1
1,4.83475,1,,-42.69235,3.5,1172.5,0,0,0,0,0,0,,1,0,0,,0,0,0,0,1,,0,0,0,0,0,,0,0,0,0,,0,0,,0,0,0,0,,0,0,0,,0,0,0,0,,0,0,0,,0,0,0,0,0,0,0,0,,0,1
1,4.866971,1,,-39.93312,3.5,1179.5,0,0,0,0,0,0,,1,0,0,,0,0,0,0,1,,0,0,0,0,0,,0,0,0,0,,0,0,,0,0,0,0,,0,0,0,,0,0,0,0,,0,0,0,,0,0,0,0,0,0,0,0,,0,1
1,4.889222,1,,-36.59393,3.5,1193.5,0,0,0,0,0,0,,1,0,0,,0,0,0,0,1,,0,0,0,0,0,,0,0,0,0,,0,0,,0,0,0,0,,0,0,0,,0,0,0,0,,0,0,0,,0,0,0,0,0,0,0,0,,0,1
1,4.913576,1,,-32.85421,3.5,1200.5,0,0,0,0,0,0,,1,0,0,,0,0,0,0,1,,0,0,0,0,0,,0,0,0,0,,0,0,,0,0,0,0,,0,0,0,,0,0,0,0,,0,0,0,,0,0,0,0,0,0,0,0,,0,1
1,4.943913,1,,-28.67612,3.5,1207.5,0,0,0,0,0,0,,1,0,0,,0,0,0,0,1,,0,0,0,0,0,,0,0,0,0,,0,0,,0,0,0,0,,0,0,0,,0,0,0,0,,0,0,0,,0,0,0,0,0,0,0,0,,0,1
1,4.967294,1,,-23.95196,3.5,1214.5,0,0,0,0,0,0,,1,0,0,,0,0,0,0,1,,0,0,0,0,0,,0,0,0,0,,0,0,,0,0,0,0,,0,0,0,,0,0,0,0,,0,0,0,,0,0,0,0,0,0,0,0,,0,1
1,4.99312,1,,-18.80695,3.5,1228.5,0,0,0,0,0,0,,1,0,0,,0,0,0,0,1,,0,0,0,0,0,,0,0,0,0,,0,0,,0,0,0,0,,0,0,0,,0,0,0,0,,0,0,0,,0,0,0,0,0,0,0,0,,0,1
1,5.018938,1,,-13.19707,3.5,1235.5,0,0,0,0,0,0,,1,0,0,,0,0,0,0,1,,0,0,0,0,0,,0,0,0,0,,0,0,,0,0,0,0,,0,0,0,,0,0,0,0,,0,0,0,,0,0,0,0,0,0,0,0,,0,1
1,5.045986,1,,-7.197068,3.5,1242.5,0,0,0,0,0,0,,1,0,0,,0,0,0,0,1,,0,0,0,0,0,,0,0,0,0,,0,0,,0,0,0,0,,0,0,0,,0,0,0,0,,0,0,0,,0,0,0,0,0,0,0,0,,0,0
1,5.073564,1,,-1.683936,3.5,1256.5,0,0,0,0,0,0,,1,0,0,,0,0,0,0,1,,0,0,0,0,0,,0,0,0,0,,0,0,,0,0,0,0,,0,0,0,,0,0,0,0,,0,0,0,,0,0,0,0,0,0,0,0,,0,0
1,5.100416,1,,3.332793,3.5,1263.5,0,0,0,0,0,0,,1,0,0,,0,0,0,0,1,,0,0,0,0,0,,0,0,0,0,,0,0,,0,0,0,0,,0,0,0,,0,0,0,0,,0,0,0,,0,0,0,0,0,0,0,0,,0,0
1,5.12839,1,,7.866185,3.5,1277.5,0,0,0,0,0,0,,1,0,0,,0,0,0,0,1,,0,0,0,0,0,,0,0,0,0,,0,0,,0,0,0,0,,0,0,0,,0,0,0,0,,0,0,0,,0,0,0,0,0,0,0,0,,1,0
1,5.157903,1,,7.866185,3.5,1284.5,0,0,0,0,0,0,,1,0,0,,0,0,0,0,1,,0,0,0,0,0,,0,0,0,0,,0,0,,0,0,0,0,,0,0,0,,0,0,0,0,,0,0,0,,0,0,0,0,0,0,0,0,,1,0
1,5.182005,1,,7.334953,3.5,1291.5,0,0,0,0,0,0,,1,0,0,,0,0,0,0,1,,0,0,0,0,0,,0,0,0,0,,0,0,,0,0,0,0,,0,0,0,,0,0,0,0,,0,0,0,,0,0,0,0,0,0,0,0,,1,0
1,5.205082,1,,6.369875,3.5,1298.5,0,0,0,0,0,0,,1,0,0,,0,0,0,0,1,,0,0,0,0,0,,0,0,0,0,,0,0,,0,0,0,0,,0,0,0,,0,0,0,0,,0,0,0,,0,0,0,0,0,0,0,0,,1,0
1,5.235675,1,,4.989425,3.5,1312.5,0,0,0,0,0,0,,1,0,0,,0,0,0,0,1,,0,0,0,0,0,,0,0,0,0,,0,0,,0,0,0,0,,0,0,0,,0,0,0,0,,0,0,0,,0,0,0,0,0,0,0,0,,1,0
1,5.26763,1,,3.058295,3.5,1326.5,0,0,0,0,0,0,,1,0,0,,0,0,0,0,1,,0,0,0,0,0,,0,0,0,0,,0,0,,0,0,0,0,,0,0,0,,0,0,0,0,,0,0,0,,0,0,0,0,0,0,0,0,,1,0
1,5.298942,1,,0.5519891,3.5,1333.5,0,0,0,0,0,0,,1,0,0,,0,0,0,0,1,,0,0,0,0,0,,0,0,0,0,,0,0,,0,0,0,0,,0,0,0,,0,0,0,0,,0,0,0,,0,0,0,0,0,0,0,0,,1,0
1,5.320767,1,,-2.517936,3.5,1340.5,0,0,0,0,0,0,,1,0,0,,0,0,0,0,1,,0,0,0,0,0,,0,0,0,0,,0,0,,0,0,0,0,,0,0,0,,0,0,0,0,,0,0,0,,0,0,0,0,0,0,0,0,,1,0
1,5.34769,1,,-5.980726,3.5,1354.5,0,0,0,0,0,0,,1,0,0,,0,0,0,0,1,,0,0,0,0,0,,0,0,0,0,,0,0,,0,0,0,0,,0,0,0,,0,0,0,0,,0,0,0,,0,0,0,0,0,0,0,0,,1,0
1,5.373031,1,,-9.928115,3.5,1361.5,0,0,0,0,0,0,,1,0,0,,0,0,0,0,1,,0,0,0,0,0,,0,0,0,0,,0,0,,0,0,0,0,,0,0,0,,0,0,0,0,,0,0,0,,0,0,0,0,0,0,0,0,,1,0
1,5.399174,1,,-14.33165,3.5,1368.5,0,0,0,0,0,0,,1,0,0,,0,0,0,0,1,,0,0,0,0,0,,0,0,0,0,,0,0,,0,0,0,0,,0,0,0,,0,0,0,0,,0,0,0,,0,0,0,0,0,0,0,0,,1,0
1,5.426143,1,,-19.20576,3.5,1375.5,0,0,0,0,0,0,,1,0,0,,0,0,0,0,1,,0,0,0,0,0,,0,0,0,0,,0,0,,0,0,0,0,,0,0,0,,0,0,0,0,,0,0,0,,0,0,0,0,0,0,0,0,,0,0
1,5.453348,1,,-23.59441,3.5,1389.5,0,0,0,0,0,0,,1,0,0,,0,0,0,0,1,,0,0,0,0,0,,0,0,0,0,,0,0,,0,0,0,0,,0,0,0,,0,0,0,0,,0,0,0,,0,0,0,0,0,0,0,0,,0,0
1,5.489823,1,,-27.49338,3.5,1403.5,0,0,0,0,0,0,,1,0,0,,0,0,0,0,1,,0,0,0,0,0,,0,0,0,0,,0,0,,0,0,0,0,,0,0,0,,0,0,0,0,,0,0,0,,0,0,0,0,0,0,0,0,,0,0
1,5.517339,1,,-30.73579,3.5,1410.5,0,0,0,0,0,0,,1,0,0,,0,0,0,0,1,,0,0,0,0,0,,0,0,0,0,,0,0,,0,0,0,0,,0,0,0,,0,0,0,0,,0,0,0,,0,0,0,0,0,0,0,0,,0,1
1,5.545693,1,,-30.73579,3.5,1417.5,0,0,0,0,0,0,,1,0,0,,0,0,0,0,1,,0,0,0,0,0,,0,0,0,0,,0,0,,0,0,0,0,,0,0,0,,0,0,0,0,,0,0,0,,0,0,0,0,0,0,0,0,,0,1
1,5.57946,1,,-30.22543,3.5,1431.5,0,0,0,0,0,0,,1,0,0,,0,0,0,0,1,,0,0,0,0,0,,0,0,0,0,,0,0,,0,0,0,0,,0,0,0,,0,0,0,0,,0,0,0,,0,0,0,0,0,0,0,0,,0,1
1,5.603643,1,,-29.10725,3.5,1438.5,0,0,0,0,0,0,,1,0,0,,0,0,0,0,1,,0,0,0,0,0,,0,0,0,0,,0,0,,0,0,0,0,,0,0,0,,0,0,0,0,,0,0,0,,0,0,0,0,0,0,0,0,,0,1
1,5.630688,1,,-27.55379,3.5,1452.5,0,0,0,0,0,0,,1,0,0,,0,0,0,0,1,,0,0,0,0,0,,0,0,0,0,,0,0,,0,0,0,0,,0,0,0,,0,0,0,0,,0,0,0,,0,0,0,0,0,0,0,0,,0,1
1,5.654884,1,,-25.51351,3.5,1459.5,0,0,0,0,0,0,,1,0,0,,0,0,0,0,1,,0,0,0,0,0,,0,0,0,0,,0,0,,0,0,0,0,,0,0,0,,0,0,0,0,,0,0,0,,0,0,0,0,0,0,0,0,,0,1
1,5.682148,1,,-23.03771,3.5,1466.5,0,0,0,0,0,0,,1,0,0,,0,0,0,0,1,,0,0,0,0,0,,0,0,0,0,,0,0,,0,0,0,0,,0,0,0,,0,0,0,0,,0,0,0,,0,0,0,0,0,0,0,0,,0,1
1,5.706424,1,,-20.07115,3.5,1473.5,0,0,0,0,0,0,,1,0,0,,0,0,0,0,1,,0,0,0,0,0,,0,0,0,0,,0,0,,0,0,0,0,,0,0,0,,0,0,0,0,,0,0,0,,0,0,0,0,0,0,0,0,,0,1
1,5.734133,1,,-16.66762,3.5,1487.5,0,0,0,0,0,0,,1,0,0,,0,0,0,0,1,,0,0,0,0,0,,0,0,0,0,,0,0,,0,0,0,0,,0,0,0,,0,0,0,0,,0,0,0,,0,0,0,0,0,0,0,0,,0,0
1,5.761333,1,,-13.76286,3.5,1494.5,0,0,0,0,0,0,,1,0,0,,0,0,0,0,1,,0,0,0,0,0,,0,0,0,0,,0,0,,0,0,0,0,,0,0,0,,0,0,0,0,,0,0,0,,0,0,0,0,0,0,0,0,,0,0
1,5.78891,1,,-11.34768,3.5,1508.5,0,0,0,0,0,0,,1,0,0,,0,0,0,0,1,,0,0,0,0,0,,0,0,0,0,,0,0,,0,0,0,0,,0,0,0,,0,0,0,0,,0,0,0,,0,0,0,0,0,0,0,0,,1,0
1,5.817725,1,,-11.34768,3.5,1515.5,0,0,0,0,0,0,,1,0,0,,0,0,0,0,1,,0,0,0,0,0,,0,0,0,0,,0,0,,0,0,0,0,,0,0,0,,0,0,0,0,,0,0,0,,0,0,0,0,0,0,0,0,,1,0
1,5.842093,1,,-11.86635,3.5,1522.5,0,0,0,0,0,0,,1,0,0,,0,0,0,0,1,,0,0,0,0,0,,0,0,0,0,,0,0,,0,0,0,0,,0,0,0,,0,0,0,0,,0,0,0,,0,0,0,0,0,0,0,0,,1,0
1,5.86742,1,,-12.82364,3.5,1529.5,0,0,0,0,0,0,,1,0,0,,0,0,0,0,1,,0,0,0,0,0,,0,0,0,0,,0,0,,0,0,0,0,,0,0,0,,0,0,0,0,,0,0,0,,0,0,0,0,0,0,0,0,,1,0
1,5.893215,1,,-14.23682,3.5,1543.5,0,0,0,0,0,0,,1,0,0,,0,0,0,0,1,,0,0,0,0,0,,0,0,0,0,,0,0,,0,0,0,0,,0,0,0,,0,0,0,0,,0,0,0,,0,0,0,0,0,0,0,0,,1,0
1,5.916463,1,,-16.11431,3.5,1550.5,0,0,0,0,0,0,,1,0,0,,0,0,0,0,1,,0,0,0,0,0,,0,0,0,0,,0,0,,0,0,0,0,,0,0,0,,0,0,0,0,,0,0,0,,0,0,0,0,0,0,0,0,,1,0
1,5.94045,1,,-18.41026,3.5,1557.5,0,0,0,0,0,0,,1,0,0,,0,0,0,0,1,,0,0,0,0,0,,0,0,0,0,,0,0,,0,0,0,0,,0,0,0,,0,0,0,0,,0,0,0,,0,0,0,0,0,0,0,0,,1,0
1,5.970325,1,,-21.13798,3.5,1571.5,0,0,0,0,0,0,,1,0,0,,0,0,0,0,1,,0,0,0,0,0,,0,0,0,0,,0,0,,0,0,0,0,,0,0,0,,0,0,0,0,,0,0,0,,0,0,0,0,0,0,0,0,,0,0
1,6.013553,1,,-23.32796,3.5,1585.5,0,0,0,0,0,0,,1,0,0,,0,0,0,0,1,,0,0,0,0,0,,0,0,0,0,,0,0,,0,0,0,0,,0,0,0,,0,0,0,0,,0,0,0,,0,0,0,0,0,0,0,0,,0,1
1,6.013553,1,,-23.32796,3.5,1585.5,52,3.5,1605.49963378906,0,0,0,,1,0,0,,0,0,0,0,1,,0,0,0,0,0,,0,0,0,0,,0,0,,0,0,0,0,,0,0,0,,0,0,0,0,,0,0,0,,0,0,0,0,0,0,0,0,,0,1
1,6.059942,1,,-23.32796,3.5,1599.5,0,0,0,0,0,0,,2,1,0,,0,0,0,0,1,,0,0,0,0,0,,0,0,0,0,,0,0,,0,0,0,0,,0,0,0,,0,0,0,0,,0,0,0,,0,0,0,0,0,0,0,0,,0,1
1,6.119355,1,,-22.49297,3.5,1620.5,0,0,0,0,0,0,,2,1,0,,0,0,0,0,1,,0,0,0,0,0,,0,0,0,0,,0,0,,0,0,0,0,,0,0,0,,0,0,0,0,,0,0,0,,0,0,0,0,0,0,0,0,,0,1
1,6.160728,1,,-20.58853,3.5,1634.5,0,0,0,0,0,0,,2,1,0,,0,0,0,0,1,,0,0,0,0,0,,0,0,0,0,,0,0,,0,0,0,0,,0,0,0,,0,0,0,0,,0,0,0,,0,0,0,0,0,0,0,0,,0,0
1,6.160728,1,,-20.58853,3.5,1634.5,0,0,0,0,0,0,,2,1,0,,0,0,0,0,1,,0,0,0,0,0,,0,0,0,0,,0,0,,0,0,0,0,,0,0,0,,0,0,0,0,,0,0,0,,1,52,3.5,2599.5,0,0,0,0,,0,0
1,6.203989,1,,-19.42879,3.5,1648.5,0,0,0,0,0,0,,2,1,0,,0,0,0,0,1,,0,0,0,0,0,,0,0,0,0,,0,0,,0,0,0,0,,0,0,0,,0,0,0,0,,0,0,0,,0,0,0,0,0,0,0,0,,1,0
1,6.278443,1,,-19.42879,3.5,1676.5,0,0,0,0,0,0,,2,1,0,,0,0,0,0,1,,0,0,0,0,0,,0,0,0,0,,0,0,,0,0,0,0,,0,0,0,,0,0,0,0,,0,0,0,,0,0,0,0,0,0,0,0,,1,0
1,6.321377,1,,-20.76899,3.5,1690.5,0,0,0,0,0,0,,2,1,0,,0,0,0,0,1,,0,0,0,0,0,,0,0,0,0,,0,0,,0,0,0,0,,0,0,0,,0,0,0,0,,0,0,0,,0,0,0,0,0,0,0,0,,0,1
1,6.363579,1,,-20.76899,3.5,1704.5,0,0,0,0,0,0,,2,1,0,,0,0,0,0,1,,0,0,0,0,0,,0,0,0,0,,0,0,,0,0,0,0,,0,0,0,,0,0,0,0,,0,0,0,,0,0,0,0,0,0,0,0,,0,1
1,6.416751,1,,-20.00934,3.5,1725.5,0,0,0,0,0,0,,2,1,0,,0,0,0,0,1,,0,0,0,0,0,,0,0,0,0,,0,0,,0,0,0,0,,0,0,0,,0,0,0,0,,0,0,0,,0,0,0,0,0,0,0,0,,1,0
1,6.416751,1,,-20.00934,3.5,1725.5,0,0,0,0,0,0,,2,1,0,,0,0,0,0,1,,0,0,0,0,0,,0,0,0,0,,0,0,,0,0,0,0,,0,0,0,,0,0,0,0,,0,0,0,,0,0,0,0,0,0,0,0,,1,0
1,6.416751,1,,-20.00934,3.5,1725.5,0,0,0,0,0,0,,2,1,0,,0,0,0,0,1,,0,0,0,0,0,,1,1,0,0,,0,0,,0,0,0,0,,0,0,0,,0,0,0,0,,0,0,0,,0,0,0,0,0,0,0,0,,1,0
1,6.45663,1,,-20.00934,3.5,1739.5,0,0,0,0,0,0,,2,1,0,,0,0,0,0,1,,0,0,0,0,0,,1,1,0,0,,0,0,,0,0,0,0,,0,0,0,,0,0,0,0,,0,0,0,,0,0,0,0,0,0,0,0,,1,0
1,6.539212,1,,-20.72716,3.5,1767.5,0,0,0,0,0,0,,2,1,0,,0,0,0,0,1,,0,0,0,0,0,,1,1,0,0,,0,0,,0,0,0,0,,0,0,0,,0,0,0,0,,0,0,0,,0,0,0,0,0,0,0,0,,0,1
1,6.581326,1,,-20.72716,3.5,1781.5,0,0,0,0,0,0,,2,1,0,,0,0,0,0,1,,0,0,0,0,0,,1,1,0,0,,0,0,,0,0,0,0,,0,0,0,,0,0,0,0,,0,0,0,,0,0,0,0,0,0,0,0,,0,1
1,6.626851,1,,-19.96911,3.5,1795.5,0,0,0,0,0,0,,2,1,0,,0,0,0,0,1,,0,0,0,0,0,,1,1,0,0,,0,0,,0,0,0,0,,0,0,0,,0,0,0,0,,0,0,0,,0,0,0,0,0,0,0,0,,1,0
1,6.670555,1,,-19.96911,3.5,1816.5,0,0,0,0,0,0,,2,1,0,,0,0,0,0,1,,0,0,0,0,0,,1,1,0,0,,0,0,,0,0,0,0,,0,0,0,,0,0,0,0,,0,0,0,,0,0,0,0,0,0,0,0,,1,0
1,6.702864,1,,-20.75579,3.5,1823.5,0,0,0,0,0,0,,2,1,0,,0,0,0,0,1,,0,0,0,0,0,,1,1,0,0,,0,0,,0,0,0,0,,0,0,0,,0,0,0,0,,0,0,0,,0,0,0,0,0,0,0,0,,0,1
1,6.730492,1,,-20.75579,3.5,1837.5,0,0,0,0,0,0,,2,1,0,,0,0,0,0,1,,0,0,0,0,0,,1,1,0,0,,0,0,,0,0,0,0,,0,0,0,,0,0,0,0,,0,0,0,,0,0,0,0,0,0,0,0,,0,1
1,6.754957,1,,-20.25849,3.5,1844.5,0,0,0,0,0,0,,2,1,0,,0,0,0,0,1,,0,0,0,0,0,,1,1,0,0,,0,0,,0,0,0,0,,0,0,0,,0,0,0,0,,0,0,0,,0,0,0,0,0,0,0,0,,0,1
1,6.771524,1,,-19.32081,3.5,1851.5,0,0,0,0,0,0,,2,1,0,,0,0,0,0,1,,0,0,0,0,0,,1,1,0,0,,0,0,,0,0,0,0,,0,0,0,,0,0,0,0,,0,0,0,,0,0,0,0,0,0,0,0,,0,1
1,6.789345,1,,-18.08492,3.5,1858.5,0,0,0,0,0,0,,2,1,0,,0,0,0,0,1,,0,0,0,0,0,,1,1,0,0,,0,0,,0,0,0,0,,0,0,0,,0,0,0,0,,0,0,0,,0,0,0,0,0,0,0,0,,0,1
1,6.810427,1,,-16.52826,3.5,1865.5,0,0,0,0,0,0,,2,1,0,,0,0,0,0,1,,0,0,0,0,0,,1,1,0,0,,0,0,,0,0,0,0,,0,0,0,,0,0,0,0,,0,0,0,,0,0,0,0,0,0,0,0,,0,1
1,6.829731,1,,-14.59213,3.5,1872.5,0,0,0,0,0,0,,2,1,0,,0,0,0,0,1,,0,0,0,0,0,,1,1,0,0,,0,0,,0,0,0,0,,0,0,0,,0,0,0,0,,0,0,0,,0,0,0,0,0,0,0,0,,0,1
1,6.891189,1,,-12.30851,3.5,1893.5,0,0,0,0,0,0,,2,1,0,,0,0,0,0,1,,0,0,0,0,0,,1,1,0,0,,0,0,,0,0,0,0,,0,0,0,,0,0,0,0,,0,0,0,,0,0,0,0,0,0,0,0,,0,1
1,6.908561,1,,-8.918657,3.5,1900.5,0,0,0,0,0,0,,2,0,0,,0,0,0,0,1,,0,0,0,0,0,,1,1,0,0,,0,0,,0,0,0,0,,0,0,0,,0,0,0,0,,0,0,0,,0,0,0,0,0,0,0,0,,0,1
1,6.928696,1,,-5.216109,3.5,1907.5,0,0,0,0,0,0,,2,0,0,,0,0,0,0,1,,0,0,0,0,0,,1,1,0,0,,0,0,,0,0,0,0,,0,0,0,,0,0,0,0,,0,0,0,,0,0,0,0,0,0,0,0,,0,1
1,6.950258,1,,-1.151126,3.5,1914.5,0,0,0,0,0,0,,1,0,0,,1,-1.151126,3.5,1914.5,2,,0,0,0,0,0,,1,1,0,0,,0,0,,0,0,0,0,,0,0,0,,0,0,0,0,,0,0,0,,0,0,0,0,0,0,0,0,,0,1
1,6.968808,1,,3.301975,3.5,1921.5,0,0,0,0,0,0,,1,0,0,,1,-1.151126,3.5,1914.5,2,,0,0,0,0,0,,1,1,0,0,,0,0,,0,0,0,0,,0,0,0,,0,0,0,0,,0,0,0,,0,0,0,0,0,0,0,0,,0,1
1,6.990192,1,,8.088972,3.5,1928.5,0,0,0,0,0,0,,1,0,0,,1,-1.151126,3.5,1914.5,2,,0,0,0,0,0,,1,1,0,0,,0,0,,0,0,0,0,,0,0,0,,0,0,0,0,,0,0,0,,0,0,0,0,0,0,0,0,,0,1
1,7.011477,1,,13.26089,3.5,1935.5,0,0,0,0,0,0,,1,0,0,,1,-1.151126,3.5,1914.5,2,,0,0,0,0,0,,1,1,0,0,,0,0,,0,0,0,0,,0,0,0,,0,0,0,0,,0,0,0,,0,0,0,0,0,0,0,0,,0,1
1,7.035247,1,,18.81592,3.5,1942.5,0,0,0,0,0,0,,1,0,0,,1,-1.151126,3.5,1914.5,2,,0,0,0,0,0,,1,1,0,0,,0,0,,0,0,0,0,,0,0,0,,0,0,0,0,,0,0,0,,0,0,0,0,0,0,0,0,,0,1
1,7.035247,1,,18.81592,3.5,1942.5,-52,3.5,1965,0,0,0,,1,0,0,,1,-1.151126,3.5,1914.5,2,,0,0,0,0,0,,1,1,0,0,,0,0,,0,0,0,0,,0,0,0,,0,0,0,0,,0,0,0,,0,0,0,0,0,0,0,0,,0,1
1,7.035247,1,,18.81592,3.5,1942.5,0,3.5,1965,0,0,0,,1,0,0,,1,-1.151126,3.5,1914.5,2,,0,0,0,0,0,,1,1,0,0,,0,0,,0,0,0,0,,0,0,0,,0,0,0,0,,0,0,0,,0,0,0,0,0,0,0,0,,0,1
1,7.054418,1,,24.79882,3.5,1949.5,0,0,0,0,0,0,,2,1,0,,0,0,0,0,2,,0,0,0,0,0,,1,1,0,0,,0,0,,0,0,0,0,,0,0,0,,0,0,0,0,,0,0,0,,0,0,0,0,0,0,0,0,,0,1
1,7.054418,1,,24.79882,3.5,1949.5,-52,3.5,1965,0,0,0,,2,1,0,,0,0,0,0,2,,0,0,0,0,0,,1,1,0,0,,0,0,,0,0,0,0,,0,0,0,,0,0,0,0,,0,0,0,,0,0,0,0,0,0,0,0,,0,1
1,7.054418,1,,24.79882,3.5,1949.5,0,3.5,1965,0,0,0,,2,1,0,,0,0,0,0,2,,0,0,0,0,0,,1,1,0,0,,0,0,,0,0,0,0,,0,0,0,,0,0,0,0,,0,0,0,,0,0,0,0,0,0,0,0,,0,1
1,7.10357,1,,30.79882,3.5,1963.5,0,0,0,0,0,0,,3,2,0,,0,0,0,0,2,,0,0,0,0,0,,1,1,0,0,,0,0,,0,0,0,0,,0,0,0,,0,0,0,0,,0,0,0,,0,0,0,0,0,0,0,0,,0,1
1,7.161582,1,,36.79882,3.5,1984.5,0,0,0,0,0,0,,3,2,0,,0,0,0,0,2,,0,0,0,0,0,,1,1,0,0,,0,0,,0,0,0,0,,0,0,0,,0,0,0,0,,0,0,0,,0,0,0,0,0,0,0,0,,0,1
1,7.196618,1,,42.79882,3.5,1998.5,0,0,0,0,0,0,,3,2,0,,0,0,0,0,2,,0,0,0,0,0,,1,1,0,0,,0,0,,0,0,0,0,,0,0,0,,0,0,0,0,,0,0,0,,0,0,0,0,0,0,0,0,,0,1
1,7.225993,1,,48.79882,3.5,2005.5,0,0,0,0,0,0,,3,2,0,,0,0,0,0,2,,0,0,0,0,0,,1,1,0,0,,0,0,,0,0,0,0,,0,0,0,,0,0,0,0,,0,0,0,,0,0,0,0,0,0,0,0,,1,0
1,7.255332,1,,48.79882,3.5,2019.5,0,0,0,0,0,0,,3,2,0,,0,0,0,0,2,,0,0,0,0,0,,1,1,0,0,,0,0,,0,0,0,0,,0,0,0,,0,0,0,0,,0,0,0,,0,0,0,0,0,0,0,0,,1,0
1,7.280423,1,,48.27072,3.5,2026.5,0,0,0,0,0,0,,3,2,0,,0,0,0,0,2,,0,0,0,0,0,,1,1,0,0,,0,0,,0,0,0,0,,0,0,0,,0,0,0,0,,0,0,0,,0,0,0,0,0,0,0,0,,1,0
1,7.307372,1,,47.29098,3.5,2033.5,0,0,0,0,0,0,,3,2,0,,0,0,0,0,2,,0,0,0,0,0,,1,1,0,0,,0,0,,0,0,0,0,,0,0,0,,0,0,0,0,,0,0,0,,0,0,0,0,0,0,0,0,,1,0
1,7.33431,1,,45.82615,3.5,2047.5,0,0,0,0,0,0,,3,2,0,,0,0,0,0,2,,0,0,0,0,0,,1,1,0,0,,0,0,,0,0,0,0,,0,0,0,,0,0,0,0,,0,0,0,,0,0,0,0,0,0,0,0,,1,0
1,7.359766,1,,43.87644,3.5,2054.5,0,0,0,0,0,0,,3,2,0,,0,0,0,0,2,,0,0,0,0,0,,1,1,0,0,,0,0,,0,0,0,0,,0,0,0,,0,0,0,0,,0,0,0,,0,0,0,0,0,0,0,0,,1,0
1,7.381404,1,,41.46852,3.5,2061.5,0,0,0,0,0,0,,3,2,0,,0,0,0,0,2,,0,0,0,0,0,,1,1,0,0,,0,0,,0,0,0,0,,0,0,0,,0,0,0,0,,0,0,0,,0,0,0,0,0,0,0,0,,1,0
1,7.407244,1,,38.67111,3.5,2068.5,0,0,0,0,0,0,,3,2,0,,0,0,0,0,2,,0,0,0,0,0,,1,1,0,0,,0,0,,0,0,0,0,,0,0,0,,0,0,0,0,,0,0,0,,0,0,0,0,0,0,0,0,,1,0
1,7.437074,1,,35.4086,3.5,2082.5,0,0,0,0,0,0,,3,2,0,,0,0,0,0,2,,0,0,0,0,0,,1,1,0,0,,0,0,,0,0,0,0,,0,0,0,,0,0,0,0,,0,0,0,,0,0,0,0,0,0,0,0,,1,0
1,7.476112,1,,31.60914,3.5,2096.5,0,0,0,0,0,0,,3,0,0,,0,0,0,0,2,,0,0,0,0,0,,1,1,0,0,,0,0,,0,0,0,0,,0,0,0,,0,0,0,0,,0,0,0,,0,0,0,0,0,0,0,0,,1,0
1,7.476112,1,,31.60914,3.5,2096.5,0,0,0,0,0,0,,3,0,0,,0,0,0,0,2,,0,0,0,0,0,,0,0,1,1.050681,,0,0,,0,0,0,0,,0,0,0,,0,0,0,0,,0,0,0,,0,0,0,0,0,0,0,0,,1,0
1,7.476112,1,,31.60914,3.5,2096.5,0,0,0,0,0,0,,3,0,0,,0,0,0,0,2,,0,0,0,0,0,,0,0,1,1.050681,,0,0,,1.050681,0,0,0,,0,0,0,,0,0,0,0,,0,0,0,,0,0,0,0,0,0,0,0,,1,0
1,7.476112,1,,31.60914,3.5,2096.5,0,0,0,0,0,0,,3,0,0,,0,0,0,0,2,,0,0,0,0,0,,0,0,1,1.050681,,0,0,,0,0,0,0,,0,0,0,,0,0,0,0,,0,0,0,,0,0,0,0,0,0,0,0,,1,0
1,7.476112,1,,31.60914,3.5,2096.5,0,0,0,0,0,0,,3,0,0,,0,0,0,0,2,,0,0,0,0,0,,0,0,0,0,,0,0,,0,0,0,0,,0,0,0,,0,0,0,0,,0,0,0,,0,0,0,0,0,0,0,0,,1,0
1,7.476112,1,,31.60914,3.5,2096.5,0,0,0,0,0,0,,3,0,0,,0,0,0,0,2,,0,0,0,0,0,,0,0,0,0,,1,0,,0,0,0,0,,0,0,0,,0,0,0,0,,0,0,0,,0,0,0,0,0,0,0,0,,1,0
1,7.476112,1,,31.60914,3.5,2096.5,0,0,0,0,0,0,,3,0,0,,0,0,0,0,2,,0,0,0,0,0,,0,0,0,0,,0,0,,0,0,0,0,,0,0,0,,0,0,0,0,,0,0,0,,0,0,0,0,0,0,0,0,,1,0
1,7.507311,1,,27.10699,3.5,2103.5,0,0,0,0,0,0,,3,0,0,,0,0,0,0,2,,0,0,0,0,0,,0,0,0,0,,0,0,,0,0,0,0,,0,0,0,,0,0,0,0,,0,0,0,,0,0,0,0,0,0,0,0,,1,0
1,7.636845,1,,22.04327,3.5,2152.5,0,0,0,0,0,0,,3,0,0,,0,0,0,0,2,,0,0,0,0,0,,0,0,0,0,,0,0,,0,0,0,0,,0,0,0,,0,0,0,0,,0,0,0,,0,0,0,0,0,0,0,0,,0,0
1,7.668456,1,,19.31116,3.5,2166.5,0,0,0,0,0,0,,3,0,0,,0,0,0,0,2,,0,0,0,0,0,,0,0,0,0,,0,0,,0,0,0,0,,0,0,0,,0,0,0,0,,0,0,0,,0,0,0,0,0,0,0,0,,0,0
1,7.700469,1,,17.14804,3.5,2173.5,0,0,0,0,0,0,,3,0,0,,0,0,0,0,2,,0,0,0,0,0,,0,0,0,0,,0,0,,0,0,0,0,,0,0,0,,0,0,0,0,,0,0,0,,0,0,0,0,0,0,0,0,,0,0
1,7.72273,1,,15.56116,3.5,2180.5,0,0,0,0,0,0,,3,0,0,,0,0,0,0,2,,0,0,0,0,0,,0,0,0,0,,0,0,,0,0,0,0,,0,0,0,,0,0,0,0,,0,0,0,,0,0,0,0,0,0,0,0,,0,0
1,7.745997,1,,14.37496,3.5,2187.5,0,0,0,0,0,0,,3,0,0,,0,0,0,0,2,,0,0,0,0,0,,0,0,0,0,,0,0,,0,0,0,0,,0,0,0,,0,0,0,0,,0,0,0,,0,0,0,0,0,0,0,0,,0,0
1,7.77458,1,,13.60758,3.5,2201.5,0,0,0,0,0,0,,3,0,0,,0,0,0,0,2,,0,0,0,0,0,,0,0,0,0,,0,0,,0,0,0,0,,0,0,0,,0,0,0,0,,0,0,0,,0,0,0,0,0,0,0,0,,0,0
1,7.801457,1,,13.35468,3.5,2208.5,0,0,0,0,0,0,,3,0,0,,0,0,0,0,2,,0,0,0,0,0,,0,0,0,0,,0,0,,0,0,0,0,,0,0,0,,0,0,0,0,,0,0,0,,0,0,0,0,0,0,0,0,,0,0
1,7.832464,1,,13.35468,3.5,2222.5,0,0,0,0,0,0,,3,0,0,,0,0,0,0,2,,0,0,0,0,0,,0,0,0,0,,0,0,,0,0,0,0,,0,0,0,,0,0,0,0,,0,0,0,,0,0,0,0,0,0,0,0,,0,0
1,7.857764,1,,13.35468,3.5,2229.5,0,0,0,0,0,0,,3,0,0,,0,0,0,0,2,,0,0,0,0,0,,0,0,0,0,,0,0,,0,0,0,0,,0,0,0,,0,0,0,0,,0,0,0,,0,0,0,0,0,0,0,0,,0,1
1,7.888164,1,,13.81008,3.5,2243.5,0,0,0,0,0,0,,3,0,0,,0,0,0,0,2,,0,0,0,0,0,,0,0,0,0,,0,0,,0,0,0,0,,0,0,0,,0,0,0,0,,0,0,0,,0,0,0,0,0,0,0,0,,0,1
1,7.924998,1,,14.81267,3.5,2250.5,0,0,0,0,0,0,,3,0,0,,0,0,0,0,2,,0,0,0,0,0,,0,0,0,0,,0,0,,0,0,0,0,,0,0,0,,0,0,0,0,,0,0,0,,0,0,0,0,0,0,0,0,,0,1
1,7.965639,1,,16.47829,3.5,2264.5,0,0,0,0,0,0,,3,0,0,,0,0,0,0,2,,0,0,0,0,0,,0,0,0,0,,0,0,,0,0,0,0,,0,0,0,,0,0,0,0,,0,0,0,,0,0,0,0,0,0,0,0,,0,1
1,7.993077,1,,18.87543,3.5,2278.5,0,0,0,0,0,0,,3,0,0,,0,0,0,0,2,,0,0,0,0,0,,0,0,0,0,,0,0,,0,0,0,0,,0,0,0,,0,0,0,0,,0,0,0,,0,0,0,0,0,0,0,0,,0,1
1,8.019472,1,,21.76647,3.5,2285.5,0,0,0,0,0,0,,3,0,0,,0,0,0,0,2,,0,0,0,0,0,,0,0,0,0,,0,0,,0,0,0,0,,0,0,0,,0,0,0,0,,0,0,0,,0,0,0,0,0,0,0,0,,0,1
1,8.041927,1,,25.1326,3.5,2292.5,0,0,0,0,0,0,,3,0,0,,0,0,0,0,2,,0,0,0,0,0,,0,0,0,0,,0,0,,0,0,0,0,,0,0,0,,0,0,0,0,,0,0,0,,0,0,0,0,0,0,0,0,,0,1
1,8.069063,1,,28.90293,3.5,2306.5,0,0,0,0,0,0,,3,0,0,,0,0,0,0,2,,0,0,0,0,0,,0,0,0,0,,0,0,,0,0,0,0,,0,0,0,,0,0,0,0,,0,0,0,,0,0,0,0,0,0,0,0,,0,0
1,8.094713,1,,32.18481,3.5,2313.5,0,0,0,0,0,0,,3,0,0,,0,0,0,0,2,,0,0,0,0,0,,0,0,0,0,,0,0,,0,0,0,0,,0,0,0,,0,0,0,0,,0,0,0,,0,0,0,0,0,0,0,0,,0,0
1,8.131311,1,,35.00498,3.5,2327.5,0,0,0,0,0,0,,3,0,0,,0,0,0,0,2,,0,0,0,0,0,,0,0,0,0,,0,0,,0,0,0,0,,0,0,0,,0,0,0,0,,0,0,0,,0,0,0,0,0,0,0,0,,1,0
1,8.162921,1,,35.00498,3.5,2334.5,0,0,0,0,0,0,,3,0,0,,0,0,0,0,2,,0,0,0,0,0,,0,0,0,0,,0,0,,0,0,0,0,,0,0,0,,0,0,0,0,,0,0,0,,0,0,0,0,0,0,0,0,,1,0
1,8.185048,1,,34.436,3.5,2341.5,0,0,0,0,0,0,,3,0,0,,0,0,0,0,2,,0,0,0,0,0,,0,0,0,0,,0,0,,0,0,0,0,,0,0,0,,0,0,0,0,,0,0,0,,0,0,0,0,0,0,0,0,,1,0
1,8.213657,1,,33.46874,3.5,2355.5,0,0,0,0,0,0,,3,0,0,,0,0,0,0,2,,0,0,0,0,0,,0,0,0,0,,0,0,,0,0,0,0,,0,0,0,,0,0,0,0,,0,0,0,,0,0,0,0,0,0,0,0,,1,0
1,8.240516,1,,31.98652,3.5,2362.5,0,0,0,0,0,0,,3,0,0,,0,0,0,0,2,,0,0,0,0,0,,0,0,0,0,,0,0,,0,0,0,0,,0,0,0,,0,0,0,0,,0,0,0,,0,0,0,0,0,0,0,0,,1,0
1,8.268124,1,,30.02084,3.5,2376.5,0,0,0,0,0,0,,3,0,0,,0,0,0,0,2,,0,0,0,0,0,,0,0,0,0,,0,0,,0,0,0,0,,0,0,0,,0,0,0,0,,0,0,0,,0,0,0,0,0,0,0,0,,1,0
1,8.293801,1,,27.55822,3.5,2383.5,0,0,0,0,0,0,,3,0,0,,0,0,0,0,2,,0,0,0,0,0,,0,0,0,0,,0,0,,0,0,0,0,,0,0,0,,0,0,0,0,,0,0,0,,0,0,0,0,0,0,0,0,,1,0
1,8.319873,1,,24.6334,3.5,2390.5,0,0,0,0,0,0,,3,0,0,,0,0,0,0,2,,0,0,0,0,0,,0,0,0,0,,0,0,,0,0,0,0,,0,0,0,,0,0,0,0,,0,0,0,,0,0,0,0,0,0,0,0,,1,0
1,8.347029,1,,21.23929,3.5,2397.5,0,0,0,0,0,0,,3,0,0,,0,0,0,0,2,,0,0,0,0,0,,0,0,0,0,,0,0,,0,0,0,0,,0,0,0,,0,0,0,0,,0,0,0,,0,0,0,0,0,0,0,0,,1,0
1,8.372831,1,,17.35637,3.5,2411.5,0,0,0,0,0,0,,3,0,0,,0,0,0,0,2,,0,0,0,0,0,,0,0,0,0,,0,0,,0,0,0,0,,0,0,0,,0,0,0,0,,0,0,0,,0,0,0,0,0,0,0,0,,1,0
1,8.404756,1,,13.009,3.5,2418.5,0,0,0,0,0,0,,3,0,0,,0,0,0,0,2,,0,0,0,0,0,,0,0,0,0,,0,0,,0,0,0,0,,0,0,0,,0,0,0,0,,0,0,0,,0,0,0,0,0,0,0,0,,1,0
1,8.43463,1,,8.086998,3.5,2432.5,0,0,0,0,0,0,,3,0,0,,0,0,0,0,2,,0,0,0,0,0,,0,0,0,0,,0,0,,0,0,0,0,,0,0,0,,0,0,0,0,,0,0,0,,0,0,0,0,0,0,0,0,,1,0
1,8.464094,1,,2.627247,3.5,2439.5,0,0,0,0,0,0,,3,0,0,,0,0,0,0,2,,0,0,0,0,0,,0,0,0,0,,0,0,,0,0,0,0,,0,0,0,,0,0,0,0,,0,0,0,,0,0,0,0,0,0,0,0,,1,0
1,8.493012,1,,-3.362859,3.5,2453.5,0,0,0,0,0,0,,3,0,0,,0,0,0,0,2,,0,0,0,0,0,,0,0,0,0,,0,0,,0,0,0,0,,0,0,0,,0,0,0,0,,0,0,0,,0,0,0,0,0,0,0,0,,1,0
1,8.518779,1,,-9.362859,3.5,2460.5,0,0,0,0,0,0,,3,0,0,,0,0,0,0,2,,0,0,0,0,0,,0,0,0,0,,0,0,,0,0,0,0,,0,0,0,,0,0,0,0,,0,0,0,,0,0,0,0,0,0,0,0,,1,0
1,8.543362,1,,-15.36286,3.5,2467.5,0,0,0,0,0,0,,3,0,0,,0,0,0,0,2,,0,0,0,0,0,,0,0,0,0,,0,0,,0,0,0,0,,0,0,0,,0,0,0,0,,0,0,0,,0,0,0,0,0,0,0,0,,1,0
1,8.569725,1,,-21.36286,3.5,2481.5,0,0,0,0,0,0,,3,0,0,,0,0,0,0,2,,0,0,0,0,0,,0,0,0,0,,0,0,,0,0,0,0,,0,0,0,,0,0,0,0,,0,0,0,,0,0,0,0,0,0,0,0,,1,0
1,8.594636,1,,-27.36286,3.5,2488.5,0,0,0,0,0,0,,3,0,0,,0,0,0,0,2,,0,0,0,0,0,,0,0,0,0,,0,0,,0,0,0,0,,0,0,0,,0,0,0,0,,0,0,0,,0,0,0,0,0,0,0,0,,1,0
1,8.623183,1,,-33.36286,3.5,2495.5,0,0,0,0,0,0,,3,0,0,,0,0,0,0,2,,0,0,0,0,0,,0,0,0,0,,0,0,,0,0,0,0,,0,0,0,,0,0,0,0,,0,0,0,,0,0,0,0,0,0,0,0,,1,0
1,8.657852,1,,-39.36286,3.5,2509.5,0,0,0,0,0,0,,3,0,0,,0,0,0,0,2,,0,0,0,0,0,,0,0,0,0,,0,0,,0,0,0,0,,0,0,0,,0,0,0,0,,0,0,0,,0,0,0,0,0,0,0,0,,1,0
1,8.686184,1,,-45.36286,3.5,2516.5,0,0,0,0,0,0,,3,0,0,,0,0,0,0,2,,0,0,0,0,0,,0,0,0,0,,0,0,,0,0,0,0,,0,0,0,,0,0,0,0,,0,0,0,,0,0,0,0,0,0,0,0,,1,0
1,8.711878,1,,-50,3.5,2530.5,0,0,0,0,0,0,,3,0,0,,0,0,0,0,2,,0,0,0,0,0,,0,0,0,0,,0,0,,0,0,0,0,,0,0,0,,0,0,0,0,,0,0,0,,0,0,0,0,0,0,0,0,,1,0
1,8.738671,1,,-50,3.5,2537.5,0,0,0,0,0,0,,3,0,0,,0,0,0,0,2,,0,0,0,0,0,,0,0,0,0,,0,0,,0,0,0,0,,0,0,0,,0,0,0,0,,0,0,0,,0,0,0,0,0,0,0,0,,1,0
1,8.78446,1,,-50,3.5,2551.5,0,0,0,0,0,0,,3,0,0,,0,0,0,0,2,,0,0,0,0,0,,0,0,0,0,,0,0,,0,0,0,0,,0,0,0,,0,0,0,0,,0,0,0,,0,0,0,0,0,0,0,0,,1,0
1,8.812412,1,,-50,3.5,2565.5,0,0,0,0,0,0,,3,0,0,,0,0,0,0,2,,0,0,0,0,0,,0,0,0,0,,0,0,,0,0,0,0,,0,0,0,,0,0,0,0,,0,0,0,,0,0,0,0,0,0,0,0,,0,0
1,8.839541,1,,-50,3.5,2572.5,0,0,0,0,0,0,,3,0,0,,0,0,0,0,2,,0,0,0,0,0,,0,0,0,0,,0,0,,0,0,0,0,,0,0,0,,0,0,0,0,,0,0,0,,0,0,0,0,0,0,0,0,,0,0
1,8.863857,1,,-50,3.5,2579.5,0,0,0,0,0,0,,3,0,0,,0,0,0,0,2,,0,0,0,0,0,,0,0,0,0,,0,0,,0,0,0,0,,0,0,0,,0,0,0,0,,0,0,0,,0,0,0,0,0,0,0,0,,0,1
1,8.863857,1,,-50,3.5,2579.5,0,3.5,2605.49951171875,0,0,0,,3,0,0,,0,0,0,0,2,,0,0,0,0,0,,0,0,0,0,,0,0,,0,0,0,0,,0,0,0,,0,0,0,0,,0,0,0,,0,0,0,0,0,0,0,0,,0,1
1,8.863857,1,,-50,3.5,2579.5,52,3.5,2599.49951171875,0,0,0,,3,0,0,,0,0,0,0,2,,0,0,0,0,0,,0,0,0,0,,0,0,,0,0,0,0,,0,0,0,,0,0,0,0,,0,0,0,,0,0,0,0,0,0,0,0,,0,1
1,8.863857,1,,-50,3.5,2579.5,0,3.5,2605.49951171875,0,0,0,,3,0,0,,0,0,0,0,2,,0,0,0,0,0,,0,0,0,0,,0,0,,0,0,0,0,,0,0,0,,0,0,0,0,,0,0,0,,0,0,0,0,0,0,0,0,,0,1
1,8.863857,1,,-50,3.5,2579.5,52,3.5,2599.49951171875,0,0,0,,3,0,0,,0,0,0,0,2,,0,0,0,0,0,,0,0,0,0,,0,0,,0,0,0,0,,0,0,0,,0,0,0,0,,0,0,0,,0,0,0,0,0,0,0,0,,0,1
1,8.900181,1,,-50,3.5,2593.5,0,0,0,0,0,0,,5,2,0,,0,0,0,0,2,,0,0,0,0,0,,0,0,0,0,,0,0,,0,0,0,0,,0,0,0,,0,0,0,0,,0,0,0,,0,0,0,0,0,0,0,0,,0,1
1,8.986471,1,,-49.34618,3.5,2621.5,0,0,0,0,0,0,,5,2,0,,0,0,0,0,2,,0,0,0,0,0,,0,0,0,0,,0,0,,0,0,0,0,,0,0,0,,0,0,0,0,,0,0,0,,0,0,0,0,0,0,0,0,,0,1
1,9.014152,1,,-47.13913,3.5,2635.5,0,0,0,0,0,0,,5,2,0,,0,0,0,0,2,,0,0,0,0,0,,0,0,0,0,,0,0,,0,0,0,0,,0,0,0,,0,0,0,0,,0,0,0,,0,0,0,0,0,0,0,0,,0,1
1,9.04188,1,,-44.43383,3.5,2642.5,0,0,0,0,0,0,,5,2,0,,0,0,0,0,2,,0,0,0,0,0,,0,0,0,0,,0,0,,0,0,0,0,,0,0,0,,0,0,0,0,,0,0,0,,0,0,0,0,0,0,0,0,,0,1
1,9.04188,1,,-44.43383,3.5,2642.5,0,0,0,0,0,0,,5,2,0,,0,0,0,0,2,,0,0,0,0,0,,0,0,0,0,,0,0,,0,0,0,0,,0,0,0,,0,0,0,0,,0,0,0,,0,0,0,0,1,52,3.5,3607.5,,0,1
1,9.04188,1,,-44.43383,3.5,2642.5,0,0,0,0,0,0,,5,2,0,,0,0,0,0,2,,0,0,0,0,0,,0,0,0,0,,0,0,,0,0,0,0,,0,0,0,,0,0,0,0,,0,0,0,,1,-52,3.5,4607.5,0,0,0,0,,0,1
1,9.066748,1,,-41.22942,3.5,2649.5,0,0,0,0,0,0,,5,2,0,,0,0,0,0,2,,0,0,0,0,0,,0,0,0,0,,0,0,,0,0,0,0,,0,0,0,,0,0,0,0,,0,0,0,,0,0,0,0,0,0,0,0,,0,1
1,9.137079,1,,-37.57739,3.5,2677.5,0,0,0,0,0,0,,5,2,0,,0,0,0,0,2,,0,0,0,0,0,,0,0,0,0,,0,0,,0,0,0,0,,0,0,0,,0,0,0,0,,0,0,0,,0,0,0,0,0,0,0,0,,0,1
1,9.166395,1,,-32.65938,3.5,2684.5,0,0,0,0,0,0,,5,2,0,,0,0,0,0,2,,0,0,0,0,0,,0,0,0,0,,0,0,,0,0,0,0,,0,0,0,,0,0,0,0,,0,0,0,,0,0,0,0,0,0,0,0,,0,1
1,9.194113,1,,-27.21368,3.5,2698.5,0,0,0,0,0,0,,5,2,0,,0,0,0,0,2,,0,0,0,0,0,,0,0,0,0,,0,0,,0,0,0,0,,0,0,0,,0,0,0,0,,0,0,0,,0,0,0,0,0,0,0,0,,0,1
1,9.221807,1,,-21.26907,3.5,2705.5,0,0,0,0,0,0,,5,2,0,,0,0,0,0,2,,0,0,0,0,0,,0,0,0,0,,0,0,,0,0,0,0,,0,0,0,,0,0,0,0,,0,0,0,,0,0,0,0,0,0,0,0,,0,1
1,9.245571,1,,-15.26907,3.5,2712.5,0,0,0,0,0,0,,5,2,0,,0,0,0,0,2,,0,0,0,0,0,,0,0,0,0,,0,0,,0,0,0,0,,0,0,0,,0,0,0,0,,0,0,0,,0,0,0,0,0,0,0,0,,0,1
1,9.270447,1,,-9.269072,3.5,2726.5,0,0,0,0,0,0,,5,2,0,,0,0,0,0,2,,0,0,0,0,0,,0,0,0,0,,0,0,,0,0,0,0,,0,0,0,,0,0,0,0,,0,0,0,,0,0,0,0,0,0,0,0,,0,1
1,9.299013,1,,-3.269072,3.5,2733.5,0,0,0,0,0,0,,5,2,0,,0,0,0,0,2,,0,0,0,0,0,,0,0,0,0,,0,0,,0,0,0,0,,0,0,0,,0,0,0,0,,0,0,0,,0,0,0,0,0,0,0,0,,0,0
1,9.326687,1,,2.216726,3.5,2740.5,0,0,0,0,0,0,,5,2,0,,0,0,0,0,2,,0,0,0,0,0,,0,0,0,0,,0,0,,0,0,0,0,,0,0,0,,0,0,0,0,,0,0,0,,0,0,0,0,0,0,0,0,,1,0
1,9.353998,1,,2.216726,3.5,2754.5,0,0,0,0,0,0,,5,2,0,,0,0,0,0,2,,0,0,0,0,0,,0,0,0,0,,0,0,,0,0,0,0,,0,0,0,,0,0,0,0,,0,0,0,,0,0,0,0,0,0,0,0,,1,0
1,9.37755,1,,1.725123,3.5,2761.5,0,0,0,0,0,0,,5,2,0,,0,0,0,0,2,,0,0,0,0,0,,0,0,0,0,,0,0,,0,0,0,0,,0,0,0,,0,0,0,0,,0,0,0,,0,0,0,0,0,0,0,0,,1,0
1,9.400745,1,,0.8095887,3.5,2768.5,0,0,0,0,0,0,,5,2,0,,0,0,0,0,2,,0,0,0,0,0,,0,0,0,0,,0,0,,0,0,0,0,,0,0,0,,0,0,0,0,,0,0,0,,0,0,0,0,0,0,0,0,,1,0
1,9.42536,1,,-0.523466,3.5,2775.5,0,0,0,0,0,0,,5,2,0,,0,0,0,0,2,,0,0,0,0,0,,0,0,0,0,,0,0,,0,0,0,0,,0,0,0,,0,0,0,0,,0,0,0,,0,0,0,0,0,0,0,0,,1,0
1,9.449899,1,,-2.299582,3.5,2789.5,0,0,0,0,0,0,,5,2,0,,0,0,0,0,2,,0,0,0,0,0,,0,0,0,0,,0,0,,0,0,0,0,,0,0,0,,0,0,0,0,,0,0,0,,0,0,0,0,0,0,0,0,,1,0
1,9.488423,1,,-4.517403,3.5,2803.5,0,0,0,0,0,0,,5,2,0,,0,0,0,0,2,,0,0,0,0,0,,0,0,0,0,,0,0,,0,0,0,0,,0,0,0,,0,0,0,0,,0,0,0,,0,0,0,0,0,0,0,0,,1,0
1,9.51329,1,,-7.428668,3.5,2810.5,0,0,0,0,0,0,,5,2,0,,0,0,0,0,2,,0,0,0,0,0,,0,0,0,0,,0,0,,0,0,0,0,,0,0,0,,0,0,0,0,,0,0,0,,0,0,0,0,0,0,0,0,,1,0
1,9.538744,1,,-10.78754,3.5,2817.5,0,0,0,0,0,0,,5,2,0,,0,0,0,0,2,,0,0,0,0,0,,0,0,0,0,,0,0,,0,0,0,0,,0,0,0,,0,0,0,0,,0,0,0,,0,0,0,0,0,0,0,0,,1,0
1,9.560538,1,,-14.60459,3.5,2824.5,0,0,0,0,0,0,,5,2,0,,0,0,0,0,2,,0,0,0,0,0,,0,0,0,0,,0,0,,0,0,0,0,,0,0,0,,0,0,0,0,,0,0,0,,0,0,0,0,0,0,0,0,,1,0
1,9.609908,1,,-18.81393,3.5,2845.5,0,0,0,0,0,0,,5,2,0,,0,0,0,0,2,,0,0,0,0,0,,0,0,0,0,,0,0,,0,0,0,0,,0,0,0,,0,0,0,0,,0,0,0,,0,0,0,0,0,0,0,0,,1,1
1,9.636818,1,,-23.02327,3.5,2852.5,0,0,0,0,0,0,,5,2,0,,0,0,0,0,2,,0,0,0,0,0,,0,0,0,0,,0,0,,0,0,0,0,,0,0,0,,0,0,0,0,,0,0,0,,0,0,0,0,0,0,0,0,,0,1
1,9.662995,1,,-23.02327,3.5,2859.5,0,0,0,0,0,0,,5,2,0,,0,0,0,0,2,,0,0,0,0,0,,0,0,0,0,,0,0,,0,0,0,0,,0,0,0,,0,0,0,0,,0,0,0,,0,0,0,0,0,0,0,0,,0,1
1,9.690059,1,,-22.55208,3.5,2873.5,0,0,0,0,0,0,,5,2,0,,0,0,0,0,2,,0,0,0,0,0,,0,0,0,0,,0,0,,0,0,0,0,,0,0,0,,0,0,0,0,,0,0,0,,0,0,0,0,0,0,0,0,,0,1
1,9.721532,1,,-21.59375,3.5,2880.5,0,0,0,0,0,0,,5,2,0,,0,0,0,0,2,,0,0,0,0,0,,0,0,0,0,,0,0,,0,0,0,0,,0,0,0,,0,0,0,0,,0,0,0,,0,0,0,0,0,0,0,0,,0,1
1,9.749756,1,,-20.0689,3.5,2894.5,0,0,0,0,0,0,,5,2,0,,0,0,0,0,2,,0,0,0,0,0,,0,0,0,0,,0,0,,0,0,0,0,,0,0,0,,0,0,0,0,,0,0,0,,0,0,0,0,0,0,0,0,,0,1
1,9.771234,1,,-18.03602,3.5,2901.5,0,0,0,0,0,0,,5,2,0,,0,0,0,0,2,,0,0,0,0,0,,0,0,0,0,,0,0,,0,0,0,0,,0,0,0,,0,0,0,0,,0,0,0,,0,0,0,0,0,0,0,0,,0,1
1,9.798643,1,,-15.61654,3.5,2908.5,0,0,0,0,0,0,,5,2,0,,0,0,0,0,2,,0,0,0,0,0,,0,0,0,0,,0,0,,0,0,0,0,,0,0,0,,0,0,0,0,,0,0,0,,0,0,0,0,0,0,0,0,,0,1
1,9.826204,1,,-12.7037,3.5,2915.5,0,0,0,0,0,0,,5,2,0,,0,0,0,0,2,,0,0,0,0,0,,0,0,0,0,,0,0,,0,0,0,0,,0,0,0,,0,0,0,0,,0,0,0,,0,0,0,0,0,0,0,0,,0,1
1,9.850863,1,,-9.294754,3.5,2929.5,0,0,0,0,0,0,,5,2,0,,0,0,0,0,2,,0,0,0,0,0,,0,0,0,0,,0,0,,0,0,0,0,,0,0,0,,0,0,0,0,,0,0,0,,0,0,0,0,0,0,0,0,,0,1
1,9.890588,1,,-5.441941,3.5,2943.5,0,0,0,0,0,0,,5,2,0,,0,0,0,0,2,,0,0,0,0,0,,0,0,0,0,,0,0,,0,0,0,0,,0,0,0,,0,0,0,0,,0,0,0,,0,0,0,0,0,0,0,0,,0,1
1,9.915511,1,,-0.8740956,3.5,2950.5,0,0,0,0,0,0,,5,2,0,,0,0,0,0,2,,0,0,0,0,0,,0,0,0,0,,0,0,,0,0,0,0,,0,0,0,,0,0,0,0,,0,0,0,,0,0,0,0,0,0,0,0,,0,1
1,9.944032,1,,4.142371,3.5,2957.5,0,0,0,0,0,0,,5,2,0,,0,0,0,0,2,,0,0,0,0,0,,0,0,0,0,,0,0,,0,0,0,0,,0,0,0,,0,0,0,0,,0,0,0,,0,0,0,0,0,0,0,0,,0,0
1,9.975443,1,,8.645461,3.5,2971.5,0,0,0,0,0,0,,5,2,0,,0,0,0,0,2,,0,0,0,0,0,,0,0,0,0,,0,0,,0,0,0,0,,0,0,0,,0,0,0,0,,0,0,0,,0,0,0,0,0,0,0,0,,1,0
1,10.00539,1,,8.645461,3.5,2978.5,0,0,0,0,0,0,,5,2,0,,0,0,0,0,2,,0,0,0,0,0,,0,0,0,0,,0,0,,0,0,0,0,,0,0,0,,0,0,0,0,,0,0,0,,0,0,0,0,0,0,0,0,,1,0
1,10.03396,1,,8.106419,3.5,2992.5,0,0,0,0,0,0,,5,2,0,,0,0,0,0,2,,0,0,0,0,0,,0,0,0,0,,0,0,,0,0,0,0,,0,0,0,,0,0,0,0,,0,0,0,,0,0,0,0,0,0,0,0,,1,0
1,10.05614,1,,7.053131,3.5,2999.5,0,0,0,0,0,0,,5,2,0,,0,0,0,0,2,,0,0,0,0,0,,0,0,0,0,,0,0,,0,0,0,0,,0,0,0,,0,0,0,0,,0,0,0,,0,0,0,0,0,0,0,0,,1,0
1,10.07922,1,,5.600543,3.5,3006.5,0,0,0,0,0,0,,5,2,0,,0,0,0,0,2,,0,0,0,0,0,,0,0,0,0,,0,0,,0,0,0,0,,0,0,0,,0,0,0,0,,0,0,0,,0,0,0,0,0,0,0,0,,1,0
1,10.10716,1,,3.732631,3.5,3013.5,0,0,0,0,0,0,,5,2,0,,0,0,0,0,2,,0,0,0,0,0,,0,0,0,0,,0,0,,0,0,0,0,,0,0,0,,0,0,0,0,,0,0,0,,0,0,0,0,0,0,0,0,,1,0
1,10.133,1,,1.361662,3.5,3027.5,0,0,0,0,0,0,,5,2,0,,0,0,0,0,2,,0,0,0,0,0,,0,0,0,0,,0,0,,0,0,0,0,,0,0,0,,0,0,0,0,,0,0,0,,0,0,0,0,0,0,0,0,,1,0
1,10.15545,1,,-1.474349,3.5,3034.5,0,0,0,0,0,0,,5,2,0,,0,0,0,0,2,,0,0,0,0,0,,0,0,0,0,,0,0,,0,0,0,0,,0,0,0,,0,0,0,0,,0,0,0,,0,0,0,0,0,0,0,0,,1,0
1,10.18025,1,,-4.714445,3.5,3041.5,0,0,0,0,0,0,,5,2,0,,0,0,0,0,2,,0,0,0,0,0,,0,0,0,0,,0,0,,0,0,0,0,,0,0,0,,0,0,0,0,,0,0,0,,0,0,0,0,0,0,0,0,,1,0
1,10.20391,1,,-8.400964,3.5,3048.5,0,0,0,0,0,0,,5,2,0,,0,0,0,0,2,,0,0,0,0,0,,0,0,0,0,,0,0,,0,0,0,0,,0,0,0,,0,0,0,0,,0,0,0,,0,0,0,0,0,0,0,0,,1,0
1,10.23269,1,,-12.51333,3.5,3062.5,0,0,0,0,0,0,,5,2,0,,0,0,0,0,2,,0,0,0,0,0,,0,0,0,0,,0,0,,0,0,0,0,,0,0,0,,0,0,0,0,,0,0,0,,0,0,0,0,0,0,0,0,,0,0
1,10.27447,1,,-16.10754,3.5,3076.5,0,0,0,0,0,0,,5,2,0,,0,0,0,0,2,,0,0,0,0,0,,0,0,0,0,,0,0,,0,0,0,0,,0,0,0,,0,0,0,0,,0,0,0,,0,0,0,0,0,0,0,0,,0,0
1,10.30524,1,,-18.94976,3.5,3083.5,0,0,0,0,0,0,,5,2,0,,0,0,0,0,2,,0,0,0,0,0,,0,0,0,0,,0,0,,0,0,0,0,,0,0,0,,0,0,0,0,,0,0,0,,0,0,0,0,0,0,0,0,,0,0
1,10.34081,1,,-21.2382,3.5,3097.5,0,0,0,0,0,0,,5,0,0,,0,0,0,0,2,,0,0,0,0,0,,0,0,0,0,,0,0,,0,0,0,0,,0,0,0,,0,0,0,0,,0,0,0,,0,0,0,0,0,0,0,0,,0,0
1,10.36846,1,,-22.88636,3.5,3111.5,0,0,0,0,0,0,,5,0,0,,0,0,0,0,2,,0,0,0,0,0,,0,0,0,0,,0,0,,0,0,0,0,,0,0,0,,0,0,0,0,,0,0,0,,0,0,0,0,0,0,0,0,,0,1
1,10.39925,1,,-22.88636,3.5,3118.5,0,0,0,0,0,0,,5,0,0,,0,0,0,0,2,,0,0,0,0,0,,0,0,0,0,,0,0,,0,0,0,0,,0,0,0,,0,0,0,0,,0,0,0,,0,0,0,0,0,0,0,0,,0,1
1,10.42811,1,,-22.33219,3.5,3132.5,0,0,0,0,0,0,,5,0,0,,0,0,0,0,2,,0,0,0,0,0,,0,0,0,0,,0,0,,0,0,0,0,,0,0,0,,0,0,0,0,,0,0,0,,0,0,0,0,0,0,0,0,,0,1
1,10.4631,1,,-21.25845,3.5,3139.5,0,0,0,0,0,0,,5,0,0,,0,0,0,0,2,,0,0,0,0,0,,0,0,0,0,,0,0,,0,0,0,0,,0,0,0,,0,0,0,0,,0,0,0,,0,0,0,0,0,0,0,0,,0,1
1,10.48633,1,,-19.5549,3.5,3146.5,0,0,0,0,0,0,,5,0,0,,0,0,0,0,2,,0,0,0,0,0,,0,0,0,0,,0,0,,0,0,0,0,,0,0,0,,0,0,0,0,,0,0,0,,0,0,0,0,0,0,0,0,,0,1
1,10.51799,1,,-17.43332,3.5,3160.5,0,0,0,0,0,0,,5,0,0,,0,0,0,0,2,,0,0,0,0,0,,0,0,0,0,,0,0,,0,0,0,0,,0,0,0,,0,0,0,0,,0,0,0,,0,0,0,0,0,0,0,0,,0,1
1,10.55037,1,,-14.74177,3.5,3174.5,0,0,0,0,0,0,,5,0,0,,0,0,0,0,2,,0,0,0,0,0,,0,0,0,0,,0,0,,0,0,0,0,,0,0,0,,0,0,0,0,,0,0,0,,0,0,0,0,0,0,0,0,,0,1
1,10.5891,1,,-11.4675,3.5,3188.5,0,0,0,0,0,0,,5,0,0,,0,0,0,0,2,,0,0,0,0,0,,0,0,0,0,,0,0,,0,0,0,0,,0,0,0,,0,0,0,0,,0,0,0,,0,0,0,0,0,0,0,0,,0,0
1,10.62914,1,,-8.890478,3.5,3202.5,0,0,0,0,0,0,,5,0,0,,0,0,0,0,2,,0,0,0,0,0,,0,0,0,0,,0,0,,0,0,0,0,,0,0,0,,0,0,0,0,,0,0,0,,0,0,0,0,0,0,0,0,,0,0
1,10.66454,1,,-7.034119,3.5,3209.5,0,0,0,0,0,0,,5,0,0,,0,0,0,0,2,,0,0,0,0,0,,0,0,0,0,,0,0,,0,0,0,0,,0,0,0,,0,0,0,0,,0,0,0,,0,0,0,0,0,0,0,0,,0,0
1,10.6997,1,,-5.814878,3.5,3223.5,0,0,0,0,0,0,,5,0,0,,0,0,0,0,2,,0,0,0,0,0,,0,0,0,0,,0,0,,0,0,0,0,,0,0,0,,0,0,0,0,,0,0,0,,0,0,0,0,0,0,0,0,,0,0
1,10.736,1,,-5.228597,3.5,3237.5,0,0,0,0,0,0,,5,0,0,,0,0,0,0,2,,0,0,0,0,0,,0,0,0,0,,0,0,,0,0,0,0,,0,0,0,,0,0,0,0,,0,0,0,,0,0,0,0,0,0,0,0,,0,0
1,10.7715,1,,-5.228597,3.5,3251.5,0,0,0,0,0,0,,5,0,0,,0,0,0,0,2,,0,0,0,0,0,,0,0,0,0,,0,0,,0,0,0,0,,0,0,0,,0,0,0,0,,0,0,0,,0,0,0,0,0,0,0,0,,0,0
1,10.81011,1,,-5.228597,3.5,3265.5,0,0,0,0,0,0,,5,0,0,,0,0,0,0,2,,0,0,0,0,0,,0,0,0,0,,0,0,,0,0,0,0,,0,0,0,,0,0,0,0,,0,0,0,,0,0,0,0,0,0,0,0,,0,0
1,10.85597,1,,-5.228597,3.5,3279.5,0,0,0,0,0,0,,5,0,0,,0,0,0,0,2,,0,0,0,0,0,,0,0,0,0,,0,0,,0,0,0,0,,0,0,0,,0,0,0,0,,0,0,0,,0,0,0,0,0,0,0,0,,0,0
1,10.8851,1,,-5.228597,3.5,3286.5,0,0,0,0,0,0,,5,0,0,,0,0,0,0,2,,0,0,0,0,0,,0,0,0,0,,0,0,,0,0,0,0,,0,0,0,,0,0,0,0,,0,0,0,,0,0,0,0,0,0,0,0,,0,0
1,10.91715,1,,-5.228597,3.5,3300.5,0,0,0,0,0,0,,5,0,0,,0,0,0,0,2,,0,0,0,0,0,,0,0,0,0,,0,0,,0,0,0,0,,0,0,0,,0,0,0,0,,0,0,0,,0,0,0,0,0,0,0,0,,0,0
1,10.9473,1,,-5.228597,3.5,3307.5,0,0,0,0,0,0,,5,0,0,,0,0,0,0,2,,0,0,0,0,0,,0,0,0,0,,0,0,,0,0,0,0,,0,0,0,,0,0,0,0,,0,0,0,,0,0,0,0,0,0,0,0,,0,0
1,10.9473,1,,-5.228597,3.5,3307.5,0,0,0,0,0,0,,5,0,0,,0,0,0,0,2,,0,0,0,0,0,,0,0,0,0,,0,0,,0,0,0,0,,0,0,0,,0,0,0,0,,0,0,0,,0,0,0,0,0,0,0,0,,0,0
1,10.9473,1,,-5.228597,3.5,3307.5,0,0,0,0,0,0,,5,0,0,,0,0,0,0,2,,0,0,0,0,0,,1,1,0,0,,0,0,,0,0,0,0,,0,0,0,,0,0,0,0,,0,0,0,,0,0,0,0,0,0,0,0,,0,0
1,10.98965,1,,-5.228597,3.5,3328.5,0,0,0,0,0,0,,5,0,0,,0,0,0,0,2,,0,0,0,0,0,,1,1,0,0,,0,0,,0,0,0,0,,0,0,0,,0,0,0,0,,0,0,0,,0,0,0,0,0,0,0,0,,0,0
1,11.10241,1,,-5.228597,3.5,3363.5,0,0,0,0,0,0,,5,0,0,,0,0,0,0,2,,0,0,0,0,0,,1,1,0,0,,0,0,,0,0,0,0,,0,0,0,,0,0,0,0,,0,0,0,,0,0,0,0,0,0,0,0,,0,0
1,11.10241,1,,-5.228597,3.5,3363.5,0,0,0,0,0,0,,5,0,0,,0,0,0,0,2,,0,0,0,0,0,,0,0,1,0.146543,,0,0,,0,0,0,0,,0,0,0,,0,0,0,0,,0,0,0,,0,0,0,0,0,0,0,0,,0,0
1,11.10241,1,,-5.228597,3.5,3363.5,0,0,0,0,0,0,,5,0,0,,0,0,0,0,2,,0,0,0,0,0,,0,0,1,0.146543,,0,0,,0.146543,0,0,0,,0,0,0,,0,0,0,0,,0,0,0,,0,0,0,0,0,0,0,0,,0,0
1,11.10241,1,,-5.228597,3.5,3363.5,0,0,0,0,0,0,,5,0,0,,0,0,0,0,2,,0,0,0,0,0,,0,0,1,0.146543,,0,0,,0,0,0,0,,0,0,0,,0,0,0,0,,0,0,0,,0,0,0,0,0,0,0,0,,0,0
1,11.10241,1,,-5.228597,3.5,3363.5,0,0,0,0,0,0,,5,0,0,,0,0,0,0,2,,0,0,0,0,0,,0,0,0,0,,0,0,,0,0,0,0,,0,0,0,,0,0,0,0,,0,0,0,,0,0,0,0,0,0,0,0,,0,0
1,11.10241,1,,-5.228597,3.5,3363.5,0,0,0,0,0,0,,5,0,0,,0,0,0,0,2,,0,0,0,0,0,,0,0,0,0,,1,0,,0,0,0,0,,0,0,0,,0,0,0,0,,0,0,0,,0,0,0,0,0,0,0,0,,0,0
1,11.10241,1,,-5.228597,3.5,3363.5,0,0,0,0,0,0,,5,0,0,,0,0,0,0,2,,0,0,0,0,0,,0,0,0,0,,0,0,,0,0,0,0,,0,0,0,,0,0,0,0,,0,0,0,,0,0,0,0,0,0,0,0,,0,0
1,11.13619,1,,-5.228597,3.5,3377.5,0,0,0,0,0,0,,5,0,0,,0,0,0,0,2,,0,0,0,0,0,,0,0,0,0,,0,0,,0,0,0,0,,0,0,0,,0,0,0,0,,0,0,0,,0,0,0,0,0,0,0,0,,0,0
1,11.28466,1,,-5.228597,3.5,3426.5,0,0,0,0,0,0,,5,0,0,,0,0,0,0,2,,0,0,0,0,0,,0,0,0,0,,0,0,,0,0,0,0,,0,0,0,,0,0,0,0,,0,0,0,,0,0,0,0,0,0,0,0,,0,0
1,11.30537,1,,-5.228597,3.5,3433.5,0,0,0,0,0,0,,5,0,0,,0,0,0,0,2,,0,0,0,0,0,,0,0,0,0,,0,0,,0,0,0,0,,0,0,0,,0,0,0,0,,0,0,0,,0,0,0,0,0,0,0,0,,0,0
1,11.32401,1,,-5.228597,3.5,3440.5,0,0,0,0,0,0,,5,0,0,,0,0,0,0,2,,0,0,0,0,0,,0,0,0,0,,0,0,,0,0,0,0,,0,0,0,,0,0,0,0,,0,0,0,,0,0,0,0,0,0,0,0,,0,0
1,11.34601,1,,-5.228597,3.5,3447.5,0,0,0,0,0,0,,5,0,0,,0,0,0,0,2,,0,0,0,0,0,,0,0,0,0,,0,0,,0,0,0,0,,0,0,0,,0,0,0,0,,0,0,0,,0,0,0,0,0,0,0,0,,0,0
1,11.37658,1,,-5.228597,3.5,3461.5,0,0,0,0,0,0,,5,0,0,,0,0,0,0,2,,0,0,0,0,0,,0,0,0,0,,0,0,,0,0,0,0,,0,0,0,,0,0,0,0,,0,0,0,,0,0,0,0,0,0,0,0,,0,1
1,11.41786,1,,-4.678369,3.5,3475.5,0,0,0,0,0,0,,5,0,0,,0,0,0,0,2,,0,0,0,0,0,,0,0,0,0,,0,0,,0,0,0,0,,0,0,0,,0,0,0,0,,0,0,0,,0,0,0,0,0,0,0,0,,0,1
1,11.43712,1,,-3.385035,3.5,3482.5,0,0,0,0,0,0,,5,0,0,,0,0,0,0,2,,0,0,0,0,0,,0,0,0,0,,0,0,,0,0,0,0,,0,0,0,,0,0,0,0,,0,0,0,,0,0,0,0,0,0,0,0,,0,1
1,11.45753,1,,-1.74495,3.5,3489.5,0,0,0,0,0,0,,5,0,0,,0,0,0,0,2,,0,0,0,0,0,,0,0,0,0,,0,0,,0,0,0,0,,0,0,0,,0,0,0,0,,0,0,0,,0,0,0,0,0,0,0,0,,0,1
1,11.49165,1,,0.2624925,3.5,3503.5,0,0,0,0,0,0,,5,0,0,,0,0,0,0,2,,0,0,0,0,0,,0,0,0,0,,0,0,,0,0,0,0,,0,0,0,,0,0,0,0,,0,0,0,,0,0,0,0,0,0,0,0,,0,1
1,11.51067,1,,2.884061,3.5,3510.5,0,0,0,0,0,0,,5,0,0,,0,0,0,0,2,,0,0,0,0,0,,0,0,0,0,,0,0,,0,0,0,0,,0,0,0,,0,0,0,0,,0,0,0,,0,0,0,0,0,0,0,0,,0,1
1,11.53125,1,,5.847954,3.5,3517.5,0,0,0,0,0,0,,5,0,0,,0,0,0,0,2,,0,0,0,0,0,,0,0,0,0,,0,0,,0,0,0,0,,0,0,0,,0,0,0,0,,0,0,0,,0,0,0,0,0,0,0,0,,0,1
1,11.55138,1,,9.182258,3.5,3524.5,0,0,0,0,0,0,,5,0,0,,0,0,0,0,2,,0,0,0,0,0,,0,0,0,0,,0,0,,0,0,0,0,,0,0,0,,0,0,0,0,,0,0,0,,0,0,0,0,0,0,0,0,,0,1
1,11.57271,1,,12.87894,3.5,3531.5,0,0,0,0,0,0,,5,0,0,,0,0,0,0,2,,0,0,0,0,0,,0,0,0,0,,0,0,,0,0,0,0,,0,0,0,,0,0,0,0,,0,0,0,,0,0,0,0,0,0,0,0,,0,1
1,11.6006,1,,16.95961,3.5,3538.5,0,0,0,0,0,0,,5,0,0,,0,0,0,0,2,,0,0,0,0,0,,0,0,0,0,,0,0,,0,0,0,0,,0,0,0,,0,0,0,0,,0,0,0,,0,0,0,0,0,0,0,0,,0,1
1,11.62425,1,,21.5423,3.5,3545.5,0,0,0,0,0,0,,5,0,0,,0,0,0,0,2,,0,0,0,0,0,,0,0,0,0,,0,0,,0,0,0,0,,0,0,0,,0,0,0,0,,0,0,0,,0,0,0,0,0,0,0,0,,0,1
1,11.65346,1,,26.55073,3.5,3559.5,0,0,0,0,0,0,,5,0,0,,0,0,0,0,2,,0,0,0,0,0,,0,0,0,0,,0,0,,0,0,0,0,,0,0,0,,0,0,0,0,,0,0,0,,0,0,0,0,0,0,0,0,,0,1
1,11.67984,1,,32.08492,3.5,3566.5,0,0,0,0,0,0,,5,0,0,,0,0,0,0,2,,0,0,0,0,0,,0,0,0,0,,0,0,,0,0,0,0,,0,0,0,,0,0,0,0,,0,0,0,,0,0,0,0,0,0,0,0,,0,1
1,11.71042,1,,38.08492,3.5,3580.5,0,0,0,0,0,0,,5,0,0,,0,0,0,0,2,,0,0,0,0,0,,0,0,0,0,,0,0,,0,0,0,0,,0,0,0,,0,0,0,0,,0,0,0,,0,0,0,0,0,0,0,0,,0,1
1,11.71042,1,,38.08492,3.5,3580.5,0,0,0,52,3.5,3607.49951171875,,5,0,0,,0,0,0,0,2,,0,0,0,0,0,,0,0,0,0,,0,0,,0,0,0,0,,0,0,0,,0,0,0,0,,0,0,0,,0,0,0,0,0,0,0,0,,0,1
1,11.73668,1,,44.08492,3.5,3587.5,0,0,0,0,0,0,,4,0,0,,0,0,0,0,2,,1,44.08492,3.5,3587.5,1,,0,0,0,0,,0,0,,0,0,0,0,,0,0,0,,0,0,0,0,,0,0,0,,0,0,0,0,0,0,0,0,,0,1
1,11.80989,1,,50,3.5,3615.5,0,0,0,0,0,0,,4,0,0,,0,0,0,0,2,,1,44.08492,3.5,3587.5,1,,0,0,0,0,,0,0,,0,0,0,0,,0,0,0,,0,0,0,0,,0,0,0,,0,0,0,0,0,0,0,0,,0,1
1,11.85178,1,,50,3.5,3629.5,0,0,0,0,0,0,,4,0,0,,0,0,0,0,2,,1,44.08492,3.5,3587.5,1,,0,0,0,0,,0,0,,0,0,0,0,,0,0,0,,0,0,0,0,,0,0,0,,0,0,0,0,0,0,0,0,,0,0
1,11.87913,1,,50,3.5,3636.5,0,0,0,0,0,0,,4,0,0,,0,0,0,0,2,,1,44.08492,3.5,3587.5,1,,0,0,0,0,,0,0,,0,0,0,0,,0,0,0,,0,0,0,0,,0,0,0,,0,0,0,0,0,0,0,0,,0,0
1,11.90202,1,,50,3.5,3643.5,0,0,0,0,0,0,,4,0,0,,0,0,0,0,2,,1,44.08492,3.5,3587.5,1,,0,0,0,0,,0,0,,0,0,0,0,,0,0,0,,0,0,0,0,,0,0,0,,0,0,0,0,0,0,0,0,,1,0
1,11.90202,1,,50,3.5,3643.5,0,0,0,0,0,0,,4,0,0,,0,0,0,0,2,,1,44.08492,3.5,3587.5,1,,0,0,0,0,,0,0,,0,0,0,0,,0,0,0,,0,0,0,0,,0,0,0,,1,52,3.5,4608.5,0,0,0,0,,1,0
1,11.90202,1,,50,3.5,3643.5,0,0,0,0,0,0,,4,0,0,,0,0,0,0,2,,1,44.08492,3.5,3587.5,1,,0,0,0,0,,0,0,,0,0,0,0,,0,0,0,,0,0,0,0,,0,0,0,,1,-52,3.5,5608.5,0,0,0,0,,1,0
1,11.93956,1,,50,3.5,3657.5,0,0,0,0,0,0,,4,0,0,,0,0,0,0,2,,1,44.08492,3.5,3587.5,1,,0,0,0,0,,0,0,,0,0,0,0,,0,0,0,,0,0,0,0,,0,0,0,,0,0,0,0,0,0,0,0,,1,0
1,12.02135,1,,49.3244,3.5,3685.5,0,0,0,0,0,0,,4,0,0,,0,0,0,0,2,,1,44.08492,3.5,3587.5,1,,0,0,0,0,,0,0,,0,0,0,0,,0,0,0,,0,0,0,0,,0,0,0,,0,0,0,0,0,0,0,0,,1,0
1,12.05612,1,,47.17657,3.5,3699.5,0,0,0,0,0,0,,4,0,0,,0,0,0,0,2,,1,44.08492,3.5,3587.5,1,,0,0,0,0,,0,0,,0,0,0,0,,0,0,0,,0,0,0,0,,0,0,0,,0,0,0,0,0,0,0,0,,1,0
1,12.07855,1,,44.40287,3.5,3706.5,0,0,0,0,0,0,,4,0,0,,0,0,0,0,2,,1,44.08492,3.5,3587.5,1,,0,0,0,0,,0,0,,0,0,0,0,,0,0,0,,0,0,0,0,,0,0,0,,0,0,0,0,0,0,0,0,,1,0
1,12.10205,1,,41.22542,3.5,3713.5,0,0,0,0,0,0,,4,0,0,,0,0,0,0,2,,1,44.08492,3.5,3587.5,1,,0,0,0,0,,0,0,,0,0,0,0,,0,0,0,,0,0,0,0,,0,0,0,,0,0,0,0,0,0,0,0,,1,0
1,12.13114,1,,37.62492,3.5,3727.5,0,0,0,0,0,0,,4,0,0,,0,0,0,0,2,,1,44.08492,3.5,3587.5,1,,0,0,0,0,,0,0,,0,0,0,0,,0,0,0,,0,0,0,0,,0,0,0,,0,0,0,0,0,0,0,0,,0,0
1,12.15681,1,,34.54798,3.5,3734.5,0,0,0,0,0,0,,4,0,0,,0,0,0,0,2,,1,44.08492,3.5,3587.5,1,,0,0,0,0,,0,0,,0,0,0,0,,0,0,0,,0,0,0,0,,0,0,0,,0,0,0,0,0,0,0,0,,0,0
1,12.18529,1,,31.93321,3.5,3741.5,0,0,0,0,0,0,,4,0,0,,0,0,0,0,2,,1,44.08492,3.5,3587.5,1,,0,0,0,0,,0,0,,0,0,0,0,,0,0,0,,0,0,0,0,,0,0,0,,0,0,0,0,0,0,0,0,,0,0
1,12.22703,1,,29.83094,3.5,3755.5,0,0,0,0,0,0,,4,0,0,,0,0,0,0,2,,1,44.08492,3.5,3587.5,1,,0,0,0,0,,0,0,,0,0,0,0,,0,0,0,,0,0,0,0,,0,0,0,,0,0,0,0,0,0,0,0,,0,0
1,12.28374,1,,28.47995,3.5,3776.5,0,0,0,0,0,0,,4,0,0,,0,0,0,0,2,,1,44.08492,3.5,3587.5,1,,0,0,0,0,,0,0,,0,0,0,0,,0,0,0,,0,0,0,0,,0,0,0,,0,0,0,0,0,0,0,0,,0,0
1,12.31547,1,,28.14987,3.5,3790.5,0,0,0,0,0,0,,4,0,0,,0,0,0,0,2,,1,44.08492,3.5,3587.5,1,,0,0,0,0,,0,0,,0,0,0,0,,0,0,0,,0,0,0,0,,0,0,0,,0,0,0,0,0,0,0,0,,0,0
1,12.34411,1,,28.14987,3.5,3797.5,0,0,0,0,0,0,,4,0,0,,0,0,0,0,2,,1,44.08492,3.5,3587.5,1,,0,0,0,0,,0,0,,0,0,0,0,,0,0,0,,0,0,0,0,,0,0,0,,0,0,0,0,0,0,0,0,,0,0
1,12.37535,1,,28.14987,3.5,3811.5,0,0,0,0,0,0,,4,0,0,,0,0,0,0,2,,1,44.08492,3.5,3587.5,1,,0,0,0,0,,0,0,,0,0,0,0,,0,0,0,,0,0,0,0,,0,0,0,,0,0,0,0,0,0,0,0,,0,0
1,12.4017,1,,28.14987,3.5,3818.5,0,0,0,0,0,0,,4,0,0,,0,0,0,0,2,,1,44.08492,3.5,3587.5,1,,0,0,0,0,,0,0,,0,0,0,0,,0,0,0,,0,0,0,0,,0,0,0,,0,0,0,0,0,0,0,0,,0,0
1,12.43463,1,,28.14987,3.5,3832.5,0,0,0,0,0,0,,4,0,0,,0,0,0,0,2,,1,44.08492,3.5,3587.5,1,,0,0,0,0,,0,0,,0,0,0,0,,0,0,0,,0,0,0,0,,0,0,0,,0,0,0,0,0,0,0,0,,0,0
1,12.46455,1,,28.14987,3.5,3839.5,0,0,0,0,0,0,,4,0,0,,0,0,0,0,2,,1,44.08492,3.5,3587.5,1,,0,0,0,0,,0,0,,0,0,0,0,,0,0,0,,0,0,0,0,,0,0,0,,0,0,0,0,0,0,0,0,,0,0
1,12.49259,1,,28.14987,3.5,3853.5,0,0,0,0,0,0,,4,0,0,,0,0,0,0,2,,1,44.08492,3.5,3587.5,1,,0,0,0,0,,0,0,,0,0,0,0,,0,0,0,,0,0,0,0,,0,0,0,,0,0,0,0,0,0,0,0,,0,0
1,12.5186,1,,28.14987,3.5,3860.5,0,0,0,0,0,0,,4,0,0,,0,0,0,0,2,,1,44.08492,3.5,3587.5,1,,0,0,0,0,,0,0,,0,0,0,0,,0,0,0,,0,0,0,0,,0,0,0,,0,0,0,0,0,0,0,0,,0,0
1,12.54858,1,,28.14987,3.5,3874.5,0,0,0,0,0,0,,4,0,0,,0,0,0,0,2,,1,44.08492,3.5,3587.5,1,,0,0,0,0,,0,0,,0,0,0,0,,0,0,0,,0,0,0,0,,0,0,0,,0,0,0,0,0,0,0,0,,0,0
1,12.57058,1,,28.14987,3.5,3881.5,0,0,0,0,0,0,,4,0,0,,0,0,0,0,2,,1,44.08492,3.5,3587.5,1,,0,0,0,0,,0,0,,0,0,0,0,,0,0,0,,0,0,0,0,,0,0,0,,0,0,0,0,0,0,0,0,,0,0
1,12.59597,1,,28.14987,3.5,3888.5,0,0,0,0,0,0,,4,0,0,,0,0,0,0,2,,1,44.08492,3.5,3587.5,1,,0,0,0,0,,0,0,,0,0,0,0,,0,0,0,,0,0,0,0,,0,0,0,,0,0,0,0,0,0,0,0,,0,0
1,12.61792,1,,28.14987,3.5,3895.5,0,0,0,0,0,0,,4,0,0,,0,0,0,0,2,,1,44.08492,3.5,3587.5,1,,0,0,0,0,,0,0,,0,0,0,0,,0,0,0,,0,0,0,0,,0,0,0,,0,0,0,0,0,0,0,0,,0,0
1,12.64373,1,,28.14987,3.5,3902.5,0,0,0,0,0,0,,4,0,0,,0,0,0,0,2,,1,44.08492,3.5,3587.5,1,,0,0,0,0,,0,0,,0,0,0,0,,0,0,0,,0,0,0,0,,0,0,0,,0,0,0,0,0,0,0,0,,0,0
1,12.66885,1,,28.14987,3.5,3916.5,0,0,0,0,0,0,,4,0,0,,0,0,0,0,2,,1,44.08492,3.5,3587.5,1,,0,0,0,0,,0,0,,0,0,0,0,,0,0,0,,0,0,0,0,,0,0,0,,0,0,0,0,0,0,0,0,,0,0
1,12.71011,1,,28.14987,3.5,3930.5,0,0,0,0,0,0,,4,0,0,,0,0,0,0,2,,1,44.08492,3.5,3587.5,1,,0,0,0,0,,0,0,,0,0,0,0,,0,0,0,,0,0,0,0,,0,0,0,,0,0,0,0,0,0,0,0,,0,0
1,12.73484,1,,28.14987,3.5,3937.5,0,0,0,0,0,0,,4,0,0,,0,0,0,0,2,,1,44.08492,3.5,3587.5,1,,0,0,0,0,,0,0,,0,0,0,0,,0,0,0,,0,0,0,0,,0,0,0,,0,0,0,0,0,0,0,0,,0,0
1,12.76741,1,,28.14987,3.5,3944.5,0,0,0,0,0,0,,4,0,0,,0,0,0,0,2,,1,44.08492,3.5,3587.5,1,,0,0,0,0,,0,0,,0,0,0,0,,0,0,0,,0,0,0,0,,0,0,0,,0,0,0,0,0,0,0,0,,0,0
1,12.78962,1,,28.14987,3.5,3958.5,0,0,0,0,0,0,,4,0,0,,0,0,0,0,2,,1,44.08492,3.5,3587.5,1,,0,0,0,0,,0,0,,0,0,0,0,,0,0,0,,0,0,0,0,,0,0,0,,0,0,0,0,0,0,0,0,,0,0
1,12.81862,1,,28.14987,3.5,3965.5,0,0,0,0,0,0,,4,0,0,,0,0,0,0,2,,1,44.08492,3.5,3587.5,1,,0,0,0,0,,0,0,,0,0,0,0,,0,0,0,,0,0,0,0,,0,0,0,,0,0,0,0,0,0,0,0,,0,0
1,12.84102,1,,28.14987,3.5,3972.5,0,0,0,0,0,0,,4,0,0,,0,0,0,0,2,,1,44.08492,3.5,3587.5,1,,0,0,0,0,,0,0,,0,0,0,0,,0,0,0,,0,0,0,0,,0,0,0,,0,0,0,0,0,0,0,0,,0,0
1,12.86682,1,,28.14987,3.5,3979.5,0,0,0,0,0,0,,4,0,0,,0,0,0,0,2,,1,44.08492,3.5,3587.5,1,,0,0,0,0,,0,0,,0,0,0,0,,0,0,0,,0,0,0,0,,0,0,0,,0,0,0,0,0,0,0,0,,0,0
1,12.89276,1,,28.14987,3.5,3993.5,0,0,0,0,0,0,,4,0,0,,0,0,0,0,2,,1,44.08492,3.5,3587.5,1,,0,0,0,0,,0,0,,0,0,0,0,,0,0,0,,0,0,0,0,,0,0,0,,0,0,0,0,0,0,0,0,,0,0
1,12.92148,1,,28.14987,3.5,4000.5,0,0,0,0,0,0,,4,0,0,,0,0,0,0,2,,1,44.08492,3.5,3587.5,1,,0,0,0,0,,0,0,,0,0,0,0,,0,0,0,,0,0,0,0,,0,0,0,,0,0,0,0,0,0,0,0,,0,0
1,12.94972,1,,28.14987,3.5,4014.5,0,0,0,0,0,0,,4,0,0,,0,0,0,0,2,,1,44.08492,3.5,3587.5,1,,0,0,0,0,,0,0,,0,0,0,0,,0,0,0,,0,0,0,0,,0,0,0,,0,0,0,0,0,0,0,0,,0,0
1,12.98185,1,,28.14987,3.5,4021.5,0,0,0,0,0,0,,4,0,0,,0,0,0,0,2,,1,44.08492,3.5,3587.5,1,,0,0,0,0,,0,0,,0,0,0,0,,0,0,0,,0,0,0,0,,0,0,0,,0,0,0,0,0,0,0,0,,0,0
1,13.01139,1,,28.14987,3.5,4035.5,0,0,0,0,0,0,,4,0,0,,0,0,0,0,2,,1,44.08492,3.5,3587.5,1,,0,0,0,0,,0,0,,0,0,0,0,,0,0,0,,0,0,0,0,,0,0,0,,0,0,0,0,0,0,0,0,,0,0
1,13.04285,1,,28.14987,3.5,4042.5,0,0,0,0,0,0,,4,0,0,,0,0,0,0,2,,1,44.08492,3.5,3587.5,1,,0,0,0,0,,0,0,,0,0,0,0,,0,0,0,,0,0,0,0,,0,0,0,,0,0,0,0,0,0,0,0,,0,0
1,13.07911,1,,28.14987,3.5,4056.5,0,0,0,0,0,0,,4,0,0,,0,0,0,0,2,,1,44.08492,3.5,3587.5,1,,0,0,0,0,,0,0,,0,0,0,0,,0,0,0,,0,0,0,0,,0,0,0,,0,0,0,0,0,0,0,0,,0,0
1,13.1148,1,,28.14987,3.5,4070.5,0,0,0,0,0,0,,4,0,0,,0,0,0,0,2,,1,44.08492,3.5,3587.5,1,,0,0,0,0,,0,0,,0,0,0,0,,0,0,0,,0,0,0,0,,0,0,0,,0,0,0,0,0,0,0,0,,0,0
1,13.15706,1,,28.14987,3.5,4084.5,0,0,0,0,0,0,,4,0,0,,0,0,0,0,2,,1,44.08492,3.5,3587.5,1,,0,0,0,0,,0,0,,0,0,0,0,,0,0,0,,0,0,0,0,,0,0,0,,0,0,0,0,0,0,0,0,,0,0
